"","phage_seq","secondary_cluster","representative","FNA.name","GenandSpec","Relationship","Phylotype","FinalGroup"
"1","AARF01000085.1||full","159_1","reference_phage","PaLarvae_BRL230010.fna","Paenibacillus larvae","Pathogen","Pathogen","Paenibacillus larvae"
"2","AARF01000119.1||full","132_4","reference_phage","PaLarvae_BRL230010.fna","Paenibacillus larvae","Pathogen","Pathogen","Paenibacillus larvae"
"3","AARF01000123.1||full","121_0","reference_phage","PaLarvae_BRL230010.fna","Paenibacillus larvae","Pathogen","Pathogen","Paenibacillus larvae"
"4","AARF01000247.1||full","117_0","reference_phage","PaLarvae_BRL230010.fna","Paenibacillus larvae","Pathogen","Pathogen","Paenibacillus larvae"
"5","ADFW01000001.1||0_partial_1","143_1","reference_phage","PaLarvae_DSM25719.fna","Paenibacillus larvae","Pathogen","Pathogen","Paenibacillus larvae"
"6","ADFW01000001.1||1_partial_1","116_5","reference_phage","PaLarvae_DSM25719.fna","Paenibacillus larvae","Pathogen","Pathogen","Paenibacillus larvae"
"7","ADFW01000001.1||2_partial_1","111_0","reference_phage","PaLarvae_DSM25719.fna","Paenibacillus larvae","Pathogen","Pathogen","Paenibacillus larvae"
"8","ADFW01000001.1||3_partial_1","150_1","reference_phage","PaLarvae_DSM25719.fna","Paenibacillus larvae","Pathogen","Pathogen","Paenibacillus larvae"
"9","ADFW01000001.1||4_partial_1","132_3","reference_phage","PaLarvae_DSM25719.fna","Paenibacillus larvae","Pathogen","Pathogen","Paenibacillus larvae"
"10","ADFW01000001.1||5_partial_1","148_1","reference_phage","PaLarvae_DSM25719.fna","Paenibacillus larvae","Pathogen","Pathogen","Paenibacillus larvae"
"11","ADFW01000001.1||6_partial_1","127_2","reference_phage","PaLarvae_DSM25719.fna","Paenibacillus larvae","Pathogen","Pathogen","Paenibacillus larvae"
"12","ADFW01000001.1||7_partial","162_1","reference_phage","PaLarvae_DSM25719.fna","Paenibacillus larvae","Pathogen","Pathogen","Paenibacillus larvae"
"13","ADFW01000002.1||0_partial_1","139_2","reference_phage","PaLarvae_DSM25719.fna","Paenibacillus larvae","Pathogen","Pathogen","Paenibacillus larvae"
"14","ADFW01000003.1||full_1","153_2","reference_phage","PaLarvae_DSM25719.fna","Paenibacillus larvae","Pathogen","Pathogen","Paenibacillus larvae"
"15","ADFW01000005.1||full","159_2","reference_phage","PaLarvae_DSM25719.fna","Paenibacillus larvae","Pathogen","Pathogen","Paenibacillus larvae"
"16","ADFW01000006.1||full","158_1","reference_phage","PaLarvae_DSM25719.fna","Paenibacillus larvae","Pathogen","Pathogen","Paenibacillus larvae"
"17","ADFW01000007.1||full","147_1","reference_phage","PaLarvae_DSM25719.fna","Paenibacillus larvae","Pathogen","Pathogen","Paenibacillus larvae"
"19","ADZY03000008.1||full","150_3","reference_phage","PaLarvae_B3650.fna","Paenibacillus larvae","Pathogen","Pathogen","Paenibacillus larvae"
"20","ADZY03000041.1||full","116_2","reference_phage","PaLarvae_B3650.fna","Paenibacillus larvae","Pathogen","Pathogen","Paenibacillus larvae"
"21","ADZY03000097.1||full","151_3","reference_phage","PaLarvae_B3650.fna","Paenibacillus larvae","Pathogen","Pathogen","Paenibacillus larvae"
"22","ADZY03000110.1||full","142_1","reference_phage","PaLarvae_B3650.fna","Paenibacillus larvae","Pathogen","Pathogen","Paenibacillus larvae"
"23","ADZY03000119.1||full","139_3","reference_phage","PaLarvae_B3650.fna","Paenibacillus larvae","Pathogen","Pathogen","Paenibacillus larvae"
"24","ADZY03000162.1||full","132_5","reference_phage","PaLarvae_B3650.fna","Paenibacillus larvae","Pathogen","Pathogen","Paenibacillus larvae"
"25","ADZY03000211.1||full_1","124_0","reference_phage","PaLarvae_B3650.fna","Paenibacillus larvae","Pathogen","Pathogen","Paenibacillus larvae"
"26","ADZY03000216.1||full","148_4","reference_phage","PaLarvae_B3650.fna","Paenibacillus larvae","Pathogen","Pathogen","Paenibacillus larvae"
"27","ADZY03000221.1||full","147_2","reference_phage","PaLarvae_B3650.fna","Paenibacillus larvae","Pathogen","Pathogen","Paenibacillus larvae"
"28","ADZY03000229.1||full","122_0","reference_phage","PaLarvae_B3650.fna","Paenibacillus larvae","Pathogen","Pathogen","Paenibacillus larvae"
"29","ADZY03000285.1||full","128_1","reference_phage","PaLarvae_B3650.fna","Paenibacillus larvae","Pathogen","Pathogen","Paenibacillus larvae"
"30","ADZY03000294.1||full","157_0","reference_phage","PaLarvae_B3650.fna","Paenibacillus larvae","Pathogen","Pathogen","Paenibacillus larvae"
"31","ADZY03000319.1||full_1","120_1","reference_phage","PaLarvae_B3650.fna","Paenibacillus larvae","Pathogen","Pathogen","Paenibacillus larvae"
"32","ADZY03000321.1||full","127_5","reference_phage","PaLarvae_B3650.fna","Paenibacillus larvae","Pathogen","Pathogen","Paenibacillus larvae"
"33","ADZY03000328.1||full","148_2","reference_phage","PaLarvae_B3650.fna","Paenibacillus larvae","Pathogen","Pathogen","Paenibacillus larvae"
"34","ADZY03000352.1||full","161_0","reference_phage","PaLarvae_B3650.fna","Paenibacillus larvae","Pathogen","Pathogen","Paenibacillus larvae"
"36","AP018492.1||0_partial_1","163_2","reference_phage","MePlutonius_DAT561_2.fna","Melissococcus plutonius","Pathogen","Pathogen","Melissococcus plutonius"
"42","AVQL01000428.1||full_1","68_1","reference_phage","SnAlvi_SCGCJ21.fna","Snodgrassella alvi","Core","Snodgrassella alvi","Snodgrassella alvi"
"43","AVQL01000451.1||full_1","73_0","reference_phage","SnAlvi_SCGCJ21.fna","Snodgrassella alvi","Core","Snodgrassella alvi","Snodgrassella alvi"
"44","AZBY01000020.1||0_partial","62_0","reference_phage","LaKunkeei_EFB6.fna","Lactobacillus kunkeei","Core","Lactobacillus kunkeei","Lactobacillus kunkeei"
"45","CH981373.1||full_1","139_4","reference_phage","PaLarvae_BRL230010.fna","Paenibacillus larvae","Pathogen","Pathogen","Paenibacillus larvae"
"46","CH981374.1||full_1","151_4","reference_phage","PaLarvae_BRL230010.fna","Paenibacillus larvae","Pathogen","Pathogen","Paenibacillus larvae"
"47","CH981386.1||full_1","128_2","reference_phage","PaLarvae_BRL230010.fna","Paenibacillus larvae","Pathogen","Pathogen","Paenibacillus larvae"
"48","CH981396.1||full","159_3","reference_phage","PaLarvae_BRL230010.fna","Paenibacillus larvae","Pathogen","Pathogen","Paenibacillus larvae"
"49","CH981397.1||full","120_2","reference_phage","PaLarvae_BRL230010.fna","Paenibacillus larvae","Pathogen","Pathogen","Paenibacillus larvae"
"50","CH981398.1||0_partial_1","135_1","reference_phage","PaLarvae_BRL230010.fna","Paenibacillus larvae","Pathogen","Pathogen","Paenibacillus larvae"
"51","CH981405.1||full_1","154_0","reference_phage","PaLarvae_BRL230010.fna","Paenibacillus larvae","Pathogen","Pathogen","Paenibacillus larvae"
"52","CH981409.1||full","152_0","reference_phage","PaLarvae_BRL230010.fna","Paenibacillus larvae","Pathogen","Pathogen","Paenibacillus larvae"
"53","CH981423.1||full_1","125_0","reference_phage","PaLarvae_BRL230010.fna","Paenibacillus larvae","Pathogen","Pathogen","Paenibacillus larvae"
"54","CH981432.1||full","141_0","reference_phage","PaLarvae_BRL230010.fna","Paenibacillus larvae","Pathogen","Pathogen","Paenibacillus larvae"
"56","CH981455.1||full","150_2","reference_phage","PaLarvae_BRL230010.fna","Paenibacillus larvae","Pathogen","Pathogen","Paenibacillus larvae"
"57","CH981467.1||full","145_0","reference_phage","PaLarvae_BRL230010.fna","Paenibacillus larvae","Pathogen","Pathogen","Paenibacillus larvae"
"58","CH981474.1||full_1","153_1","reference_phage","PaLarvae_BRL230010.fna","Paenibacillus larvae","Pathogen","Pathogen","Paenibacillus larvae"
"59","CH981502.1||full","112_0","reference_phage","PaLarvae_BRL230010.fna","Paenibacillus larvae","Pathogen","Pathogen","Paenibacillus larvae"
"60","CH981511.1||full","123_0","reference_phage","PaLarvae_BRL230010.fna","Paenibacillus larvae","Pathogen","Pathogen","Paenibacillus larvae"
"61","CH981519.1||full","116_3","reference_phage","PaLarvae_BRL230010.fna","Paenibacillus larvae","Pathogen","Pathogen","Paenibacillus larvae"
"62","CM003359.1||full","164_2","reference_phage","MePlutonius_B5.fna","Melissococcus plutonius","Pathogen","Pathogen","Melissococcus plutonius"
"63","CM004509.1||0_partial_1","16_9","reference_phage","GiApicola_wkB7.fna","Gilliamella apicola","Core","Gilliamella spp.","Gilliamella apicola"
"66","CP007287.1||0_partial_1","4_0","reference_phage","BiCoryneforme_LMG18911.fna","Bifidobacterium coryneforme","Core","Bifidobacterium spp.","Bifidobacterium coryneforme"
"67","CP009056.1||0_partial_1","31_0","reference_phage","FrPerrara_PEB0191.fna","Frischella perrara","Core","Frischella perrara","Frischella perrara"
"68","CP009056.1||1_partial_1","97_0","reference_phage","FrPerrara_PEB0191.fna","Frischella perrara","Core","Frischella perrara","Frischella perrara"
"69","CP012920.1||0_partial_1","64_0","reference_phage","LaKunkeei_MP2_complete.fna","Lactobacillus kunkeei","Core","Lactobacillus kunkeei","Lactobacillus kunkeei"
"70","CP015625.1||0_partial_1","106_0","reference_phage","BaApis_BBC0122.fna","Bartonella apis","Core","Bartonella apis","Bartonella apis"
"71","CP015625.1||1_partial","171_0","reference_phage","BaApis_BBC0122.fna","Bartonella apis","Core","Bartonella apis","Bartonella apis"
"72","CP015820.1||0_partial_1","103_1","reference_phage","BaApis_BBC0178.fna","Bartonella apis","Core","Bartonella apis","Bartonella apis"
"73","CP015821.1||0_partial_1","103_2","reference_phage","BaApis_BBC0244.fna","Bartonella apis","Core","Bartonella apis","Bartonella apis"
"74","CP019651.1||0_partial_1","132_1","reference_phage","PaLarvae_ERICI.fna","Paenibacillus larvae","Pathogen","Pathogen","Paenibacillus larvae"
"76","CP019651.1||2_partial_1","143_3","reference_phage","PaLarvae_ERICI.fna","Paenibacillus larvae","Pathogen","Pathogen","Paenibacillus larvae"
"80","CP019652.1||0_partial_1","119_0","reference_phage","PaLarvae_DSM25430_2.fna","Paenibacillus larvae","Pathogen","Pathogen","Paenibacillus larvae"
"81","CP019652.1||1_partial_1","128_3","reference_phage","PaLarvae_DSM25430_2.fna","Paenibacillus larvae","Pathogen","Pathogen","Paenibacillus larvae"
"82","CP019652.1||2_partial_1","132_8","reference_phage","PaLarvae_DSM25430_2.fna","Paenibacillus larvae","Pathogen","Pathogen","Paenibacillus larvae"
"83","CP019652.1||3_partial_1","135_3","reference_phage","PaLarvae_DSM25430_2.fna","Paenibacillus larvae","Pathogen","Pathogen","Paenibacillus larvae"
"85","CP019655.1||0_partial_2","155_1","reference_phage","PaLarvae_EricIII.fna","Paenibacillus larvae","Pathogen","Pathogen","Paenibacillus larvae"
"87","CP019655.1||1_partial_1","130_2","reference_phage","PaLarvae_EricIII.fna","Paenibacillus larvae","Pathogen","Pathogen","Paenibacillus larvae"
"89","CP019655.1||3_partial_1","134_1","reference_phage","PaLarvae_EricIII.fna","Paenibacillus larvae","Pathogen","Pathogen","Paenibacillus larvae"
"90","CP019655.1||4_partial_1","127_4","reference_phage","PaLarvae_EricIII.fna","Paenibacillus larvae","Pathogen","Pathogen","Paenibacillus larvae"
"91","CP019656.1||full","137_0","reference_phage","PaLarvae_EricIII.fna","Paenibacillus larvae","Pathogen","Pathogen","Paenibacillus larvae"
"98","CP019687.1||0_partial_1","143_2","reference_phage","PaLarvae_ATCC9545.fna","Paenibacillus larvae","Pathogen","Pathogen","Paenibacillus larvae"
"99","CP019687.1||1_partial_1","132_2","reference_phage","PaLarvae_ATCC9545.fna","Paenibacillus larvae","Pathogen","Pathogen","Paenibacillus larvae"
"100","CP019687.1||2_partial_1","151_1","reference_phage","PaLarvae_ATCC9545.fna","Paenibacillus larvae","Pathogen","Pathogen","Paenibacillus larvae"
"101","CP019687.1||3_partial_1","116_1","reference_phage","PaLarvae_ATCC9545.fna","Paenibacillus larvae","Pathogen","Pathogen","Paenibacillus larvae"
"104","CP019717.1||0_partial_1","133_0","reference_phage","PaLarvae_EricV.fna","Paenibacillus larvae","Pathogen","Pathogen","Paenibacillus larvae"
"105","CP019717.1||0_partial_2","118_1","reference_phage","PaLarvae_EricV.fna","Paenibacillus larvae","Pathogen","Pathogen","Paenibacillus larvae"
"106","CP019717.1||0_partial_3","132_6","reference_phage","PaLarvae_EricV.fna","Paenibacillus larvae","Pathogen","Pathogen","Paenibacillus larvae"
"107","CP019717.1||1_partial_1","118_2","reference_phage","PaLarvae_EricV.fna","Paenibacillus larvae","Pathogen","Pathogen","Paenibacillus larvae"
"108","CP019717.1||1_partial_2","132_7","reference_phage","PaLarvae_EricV.fna","Paenibacillus larvae","Pathogen","Pathogen","Paenibacillus larvae"
"109","CP019717.1||2_partial_1","156_1","reference_phage","PaLarvae_EricV.fna","Paenibacillus larvae","Pathogen","Pathogen","Paenibacillus larvae"
"110","CP019717.1||3_partial_1","131_1","reference_phage","PaLarvae_EricV.fna","Paenibacillus larvae","Pathogen","Pathogen","Paenibacillus larvae"
"112","CP019717.1||5_partial_1","127_1","reference_phage","PaLarvae_EricV.fna","Paenibacillus larvae","Pathogen","Pathogen","Paenibacillus larvae"
"113","CP019717.1||6_partial_1","114_0","reference_phage","PaLarvae_EricV.fna","Paenibacillus larvae","Pathogen","Pathogen","Paenibacillus larvae"
"114","CP019718.1||full","146_0","reference_phage","PaLarvae_EricV.fna","Paenibacillus larvae","Pathogen","Pathogen","Paenibacillus larvae"
"116","CP019794.1||0_partial_1","110_1","reference_phage","PaLarvae_ATCC13537.fna","Paenibacillus larvae","Pathogen","Pathogen","Paenibacillus larvae"
"117","CP019794.1||1_partial_1","134_2","reference_phage","PaLarvae_ATCC13537.fna","Paenibacillus larvae","Pathogen","Pathogen","Paenibacillus larvae"
"118","CP019794.1||2_partial_1","155_2","reference_phage","PaLarvae_ATCC13537.fna","Paenibacillus larvae","Pathogen","Pathogen","Paenibacillus larvae"
"122","CP020327.1||0_partial_2","140_1","reference_phage","PaLarvae_CCM38.fna","Paenibacillus larvae","Pathogen","Pathogen","Paenibacillus larvae"
"123","CP020327.1||1_partial_1","130_1","reference_phage","PaLarvae_CCM38.fna","Paenibacillus larvae","Pathogen","Pathogen","Paenibacillus larvae"
"125","CP020327.1||3_partial_1","127_3","reference_phage","PaLarvae_CCM38.fna","Paenibacillus larvae","Pathogen","Pathogen","Paenibacillus larvae"
"127","CP020328.1||0_partial","138_0","reference_phage","PaLarvae_CCM38.fna","Paenibacillus larvae","Pathogen","Pathogen","Paenibacillus larvae"
"128","CP020554.1||0_partial_1","9_0","reference_phage","PaApium_G773c.fna","Parasaccharibacter apium","Core","Acetobacter","Bombella apis"
"130","CP020557.1||0_partial_1","129_1","reference_phage","PaLarvae_SAG10367.fna","Paenibacillus larvae","Pathogen","Pathogen","Paenibacillus larvae"
"131","CP020557.1||1_partial_1","129_2","reference_phage","PaLarvae_SAG10367.fna","Paenibacillus larvae","Pathogen","Pathogen","Paenibacillus larvae"
"132","CP020557.1||2_partial_1","144_0","reference_phage","PaLarvae_SAG10367.fna","Paenibacillus larvae","Pathogen","Pathogen","Paenibacillus larvae"
"133","CP020557.1||3_partial_1","129_3","reference_phage","PaLarvae_SAG10367.fna","Paenibacillus larvae","Pathogen","Pathogen","Paenibacillus larvae"
"134","CP020557.1||4_partial_1","129_4","reference_phage","PaLarvae_SAG10367.fna","Paenibacillus larvae","Pathogen","Pathogen","Paenibacillus larvae"
"135","CP020557.1||5_partial_1","113_1","reference_phage","PaLarvae_SAG10367.fna","Paenibacillus larvae","Pathogen","Pathogen","Paenibacillus larvae"
"136","CP020557.1||6_partial_1","127_6","reference_phage","PaLarvae_SAG10367.fna","Paenibacillus larvae","Pathogen","Pathogen","Paenibacillus larvae"
"137","CP020557.1||7_partial_1","113_2","reference_phage","PaLarvae_SAG10367.fna","Paenibacillus larvae","Pathogen","Pathogen","Paenibacillus larvae"
"138","CP020557.1||8_partial","115_0","reference_phage","PaLarvae_SAG10367.fna","Paenibacillus larvae","Pathogen","Pathogen","Paenibacillus larvae"
"139","CP020558.1||full","136_0","reference_phage","PaLarvae_SAG10367.fna","Paenibacillus larvae","Pathogen","Pathogen","Paenibacillus larvae"
"140","CP029544.1||0_partial_1","100_0","reference_phage","LaHelsingborgensis_ESL0183.fna","Lactobacillus helsingborgensis","Core","Firm-5","Lactobacillus helsingborgensis"
"141","JAAEDX010000001.1||0_partial_1","167_0","reference_phage","LaMellis_ESL0449.fna","Lactobacillus mellis","Core","Firm-4","Lactobacillus mellis"
"142","JAAEDX010000001.1||1_partial_1","29_0","reference_phage","LaMellis_ESL0449.fna","Lactobacillus mellis","Core","Firm-4","Lactobacillus mellis"
"143","JAAEDX010000004.1||full","168_0","reference_phage","LaMellis_ESL0449.fna","Lactobacillus mellis","Core","Firm-4","Lactobacillus mellis"
"144","JAAEDZ010000007.1||full","169_0","reference_phage","LaMellis_ESL0295.fna","Lactobacillus mellis","Core","Firm-4","Lactobacillus mellis"
"145","JAAEEA010000007.1||full_1","170_0","reference_phage","LaMellis_ESL0294.fna","Lactobacillus mellis","Core","Firm-4","Lactobacillus mellis"
"146","JAAEEA010000009.1||full","172_0","reference_phage","LaMellis_ESL0294.fna","Lactobacillus mellis","Core","Firm-4","Lactobacillus mellis"
"147","JAAEEB010000013.1||full","99_1","reference_phage","LaMelliventris_ESL0393.fna","Lactobacillus melliventris","Core","Firm-5","Lactobacillus melliventris"
"148","JACG01000005.1||full_1","68_2","reference_phage","SnAlvi_SCGCP14.fna","Snodgrassella alvi","Core","Snodgrassella alvi","Snodgrassella alvi"
"149","JACG01000027.1||full","88_0","reference_phage","SnAlvi_SCGCP14.fna","Snodgrassella alvi","Core","Snodgrassella alvi","Snodgrassella alvi"
"150","JAIK01000388.1||full","67_14","reference_phage","SnAlvi_SCGCO11.fna","Snodgrassella alvi","Core","Snodgrassella alvi","Snodgrassella alvi"
"151","JAIL01000227.1||full","96_0","reference_phage","SnAlvi_SCGCO02.fna","Snodgrassella alvi","Core","Snodgrassella alvi","Snodgrassella alvi"
"152","JAIL01000246.1||full","95_0","reference_phage","SnAlvi_SCGCO02.fna","Snodgrassella alvi","Core","Snodgrassella alvi","Snodgrassella alvi"
"153","JAIM01000015.1||full_1","25_0","reference_phage","GiApicola_SCGCB02.fna","Gilliamella apicola","Core","Gilliamella spp.","Gilliamella apicola"
"154","JAIM01000024.1||full_1","27_1","reference_phage","GiApicola_SCGCB02.fna","Gilliamella apicola","Core","Gilliamella spp.","Gilliamella apicola"
"155","JAIN01000001.1||0_partial","20_1","reference_phage","GiApicola_SCGCI20.fna","Gilliamella apicola","Core","Gilliamella spp.","Gilliamella apicola"
"156","JAIN01000037.1||full_1","28_0","reference_phage","GiApicola_SCGCI20.fna","Gilliamella apicola","Core","Gilliamella spp.","Gilliamella apicola"
"157","JAIN01000055.1||full","21_0","reference_phage","GiApicola_SCGCI20.fna","Gilliamella apicola","Core","Gilliamella spp.","Gilliamella apicola"
"158","JAIO01000009.1||0_partial_1","42_0","reference_phage","GiApis_SCGCABP17.fna","Gilliamella apis","Core","Gilliamella spp.","Gilliamella apis"
"165","JSAY01000004.1||0_partial_1","164_1","reference_phage","MePlutonius_211.fna","Melissococcus plutonius","Pathogen","Pathogen","Melissococcus plutonius"
"167","JSAZ01000001.1||0_partial_1","165_1","reference_phage","MePlutonius_900.fna","Melissococcus plutonius","Pathogen","Pathogen","Melissococcus plutonius"
"169","JSAZ01000002.1||0_partial_1","166_0","reference_phage","MePlutonius_900.fna","Melissococcus plutonius","Pathogen","Pathogen","Melissococcus plutonius"
"178","JSBE01000006.1||0_partial_1","163_1","reference_phage","MePlutonius_60.fna","Melissococcus plutonius","Pathogen","Pathogen","Melissococcus plutonius"
"179","JSBF01000005.1||0_partial_1","165_2","reference_phage","MePlutonius_82.fna","Melissococcus plutonius","Pathogen","Pathogen","Melissococcus plutonius"
"180","KQ033871.1||0_partial_1","101_0","reference_phage","LaKullabergensis_Biut2.fna","Lactobacillus kullabergensis","Core","Firm-5","Lactobacillus kullabergensis"
"181","KQ034021.1||0_partial_1","99_2","reference_phage","LaMelliventris_Hma8.fna","Lactobacillus melliventris","Core","Firm-5","Lactobacillus melliventris"
"182","KQ440388.1||0_partial_1","65_0","reference_phage","LaKunkeei_Fhon2.fna","Lactobacillus kunkeei","Core","Lactobacillus kunkeei","Lactobacillus kunkeei"
"185","LAWY01000015.1||full_1","127_7","reference_phage","PaLarvae_MEX14.fna","Paenibacillus larvae","Pathogen","Pathogen","Paenibacillus larvae"
"187","LAWY01000028.1||0_partial_1","135_2","reference_phage","PaLarvae_MEX14.fna","Paenibacillus larvae","Pathogen","Pathogen","Paenibacillus larvae"
"188","LAWY01000036.1||full_1","139_1","reference_phage","PaLarvae_MEX14.fna","Paenibacillus larvae","Pathogen","Pathogen","Paenibacillus larvae"
"189","LAWY01000041.1||full_1","116_4","reference_phage","PaLarvae_MEX14.fna","Paenibacillus larvae","Pathogen","Pathogen","Paenibacillus larvae"
"190","LAWY01000049.1||full_1","142_2","reference_phage","PaLarvae_MEX14.fna","Paenibacillus larvae","Pathogen","Pathogen","Paenibacillus larvae"
"191","LAWY01000063.1||full","158_2","reference_phage","PaLarvae_MEX14.fna","Paenibacillus larvae","Pathogen","Pathogen","Paenibacillus larvae"
"192","LAWY01000065.1||full","151_2","reference_phage","PaLarvae_MEX14.fna","Paenibacillus larvae","Pathogen","Pathogen","Paenibacillus larvae"
"193","LAWY01000067.1||full","149_0","reference_phage","PaLarvae_MEX14.fna","Paenibacillus larvae","Pathogen","Pathogen","Paenibacillus larvae"
"194","LAWY01000071.1||full","160_0","reference_phage","PaLarvae_MEX14.fna","Paenibacillus larvae","Pathogen","Pathogen","Paenibacillus larvae"
"195","LAWY01000075.1||full","148_3","reference_phage","PaLarvae_MEX14.fna","Paenibacillus larvae","Pathogen","Pathogen","Paenibacillus larvae"
"196","LAWY01000084.1||full","108_0","reference_phage","PaLarvae_MEX14.fna","Paenibacillus larvae","Pathogen","Pathogen","Paenibacillus larvae"
"197","LAWY01000089.1||full","126_0","reference_phage","PaLarvae_MEX14.fna","Paenibacillus larvae","Pathogen","Pathogen","Paenibacillus larvae"
"198","LAWY01000091.1||full","109_0","reference_phage","PaLarvae_MEX14.fna","Paenibacillus larvae","Pathogen","Pathogen","Paenibacillus larvae"
"200","LMYI01000002.1||0_partial_1","8_1","reference_phage","PaApium_B8.fna","Parasaccharibacter apium","Core","Acetobacter","Bombella apis"
"202","LXYS01000002.1||0_partial_1","105_0","reference_phage","BaApis_PEB0150.fna","Bartonella apis","Core","Bartonella apis","Bartonella apis"
"203","LXYS01000004.1||0_partial_1","107_0","reference_phage","BaApis_PEB0150.fna","Bartonella apis","Core","Bartonella apis","Bartonella apis"
"205","LXYU01000003.1||0_partial_1","104_1","reference_phage","BaApis_PEB0122.fna","Bartonella apis","Core","Bartonella apis","Bartonella apis"
"206","LXYU01000005.1||full","173_0","reference_phage","BaApis_PEB0122.fna","Bartonella apis","Core","Bartonella apis","Bartonella apis"
"207","LZGH01000009.1||0_partial_1","19_2","reference_phage","GiApis_P83G.fna","Gilliamella apis","Core","Gilliamella spp.","Gilliamella apis"
"208","LZGI01000018.1||0_partial_1","39_0","reference_phage","GiApis_P62G.fna","Gilliamella apis","Core","Gilliamella spp.","Gilliamella apis"
"209","LZGJ01000021.1||full_1","54_0","reference_phage","GiApicola_P54G.fna","Gilliamella apicola","Core","Gilliamella spp.","Gilliamella apicola"
"210","LZGJ01000030.1||0_partial_1","15_5","reference_phage","GiApicola_P54G.fna","Gilliamella apicola","Core","Gilliamella spp.","Gilliamella apicola"
"211","LZGJ01000046.1||full","36_0","reference_phage","GiApicola_P54G.fna","Gilliamella apicola","Core","Gilliamella spp.","Gilliamella apicola"
"212","MCIU01000040.1||0_partial_1","55_1b","reference_phage","GiApicola_M63G.fna","Gilliamella apicola","Core","Gilliamella spp.","Gilliamella apicola"
"215","MEII01000018.1||0_partial_1","67_9","reference_phage","SnAlvi_wkB339.fna","Snodgrassella alvi","Core","Snodgrassella alvi","Snodgrassella alvi"
"216","MEIJ01000002.1||0_partial_1","83_1","reference_phage","SnAlvi_wkB332.fna","Snodgrassella alvi","Core","Snodgrassella alvi","Snodgrassella alvi"
"217","MEIJ01000027.1||0_partial_1","71_1","reference_phage","SnAlvi_wkB332.fna","Snodgrassella alvi","Core","Snodgrassella alvi","Snodgrassella alvi"
"219","MEIN01000004.1||0_partial_1","67_10","reference_phage","SnAlvi_wkB9.fna","Snodgrassella alvi","Core","Snodgrassella alvi","Snodgrassella alvi"
"220","MEIN01000006.1||0_partial_1","75_1","reference_phage","SnAlvi_wkB9.fna","Snodgrassella alvi","Core","Snodgrassella alvi","Snodgrassella alvi"
"221","MEIN01000013.1||full","82_1","reference_phage","SnAlvi_wkB9.fna","Snodgrassella alvi","Core","Snodgrassella alvi","Snodgrassella alvi"
"222","MEIV01000053.1||full_1","78_1","reference_phage","SnAlvi_PEB0171.fna","Snodgrassella alvi","Core","Snodgrassella alvi","Snodgrassella alvi"
"225","MEIX01000067.1||full","82_2","reference_phage","SnAlvi_MS13.fna","Snodgrassella alvi","Core","Snodgrassella alvi","Snodgrassella alvi"
"226","MEIX01000091.1||full_1","75_2","reference_phage","SnAlvi_MS13.fna","Snodgrassella alvi","Core","Snodgrassella alvi","Snodgrassella alvi"
"227","MEJG01000001.1||0_partial_1","6_0","reference_phage","PaApium_AS1.fna","Parasaccharibacter apium","Core","Acetobacter","Bombella apis"
"228","MEJG01000009.1||full","7_0","reference_phage","PaApium_AS1.fna","Parasaccharibacter apium","Core","Acetobacter","Bombella apis"
"229","MVDP01000030.1||0_partial","91_1","reference_phage","SnAlvi_Aw20.fna","Snodgrassella alvi","Core","Snodgrassella alvi","Snodgrassella alvi"
"231","MVDP01000053.1||full_1","74_1","reference_phage","SnAlvi_Aw20.fna","Snodgrassella alvi","Core","Snodgrassella alvi","Snodgrassella alvi"
"232","MVDP01000055.1||0_partial_1","67_7","reference_phage","SnAlvi_Aw20.fna","Snodgrassella alvi","Core","Snodgrassella alvi","Snodgrassella alvi"
"233","MZNE01000010.1||full_1","49_2","reference_phage","GiApicola_A124.fna","Gilliamella apicola","Core","Gilliamella spp.","Gilliamella apicola"
"236","MZNE01000078.1||full","57_1","reference_phage","GiApicola_A124.fna","Gilliamella apicola","Core","Gilliamella spp.","Gilliamella apicola"
"237","MZNE01000088.1||full","15_2","reference_phage","GiApicola_A124.fna","Gilliamella apicola","Core","Gilliamella spp.","Gilliamella apicola"
"240","MZNF01000031.1||full_1","49_1","reference_phage","GiApicola_A224.fna","Gilliamella apicola","Core","Gilliamella spp.","Gilliamella apicola"
"241","MZNF01000033.1||full_1","50_1","reference_phage","GiApicola_A224.fna","Gilliamella apicola","Core","Gilliamella spp.","Gilliamella apicola"
"242","MZNG01000103.1||full","15_3","reference_phage","GiApicola_A8.fna","Gilliamella apicola","Core","Gilliamella spp.","Gilliamella apicola"
"243","MZNH01000051.1||full","22_1","reference_phage","GiApicola_AM6.fna","Gilliamella apicola","Core","Gilliamella spp.","Gilliamella apicola"
"244","MZNH01000124.1||full","17_0","reference_phage","GiApicola_AM6.fna","Gilliamella apicola","Core","Gilliamella spp.","Gilliamella apicola"
"245","MZNH01000138.1||full","12_0","reference_phage","GiApicola_AM6.fna","Gilliamella apicola","Core","Gilliamella spp.","Gilliamella apicola"
"247","MZNI01000010.1||0_partial_1","26_1","reference_phage","GiApicola_Aw17.fna","Gilliamella apicola","Core","Gilliamella spp.","Gilliamella apicola"
"248","MZNI01000033.1||full_1","24_3","reference_phage","GiApicola_Aw17.fna","Gilliamella apicola","Core","Gilliamella spp.","Gilliamella apicola"
"249","MZNI01000057.1||full","16_6","reference_phage","GiApicola_Aw17.fna","Gilliamella apicola","Core","Gilliamella spp.","Gilliamella apicola"
"251","NAGW01000077.1||full_1","80_1","reference_phage","SnAlvi_Aw18.fna","Snodgrassella alvi","Core","Snodgrassella alvi","Snodgrassella alvi"
"253","NAGW01000084.1||full_1","67_2","reference_phage","SnAlvi_Aw18.fna","Snodgrassella alvi","Core","Snodgrassella alvi","Snodgrassella alvi"
"254","NAGX01000178.1||full","67_1","reference_phage","SnAlvi_A12.fna","Snodgrassella alvi","Core","Snodgrassella alvi","Snodgrassella alvi"
"255","NAGY01000016.1||full","90_1","reference_phage","SnAlvi_A1012.fna","Snodgrassella alvi","Core","Snodgrassella alvi","Snodgrassella alvi"
"256","NAGY01000035.1||full","81_1","reference_phage","SnAlvi_A1012.fna","Snodgrassella alvi","Core","Snodgrassella alvi","Snodgrassella alvi"
"258","NAGY01000049.1||0_partial_1","94_1","reference_phage","SnAlvi_A1012.fna","Snodgrassella alvi","Core","Snodgrassella alvi","Snodgrassella alvi"
"259","NAGY01000055.1||0_partial_1","67_4","reference_phage","SnAlvi_A1012.fna","Snodgrassella alvi","Core","Snodgrassella alvi","Snodgrassella alvi"
"260","NAGY01000056.1||full_1","76_2","reference_phage","SnAlvi_A1012.fna","Snodgrassella alvi","Core","Snodgrassella alvi","Snodgrassella alvi"
"262","NAGZ01000117.1||full_1","79_1","reference_phage","SnAlvi_A11.fna","Snodgrassella alvi","Core","Snodgrassella alvi","Snodgrassella alvi"
"263","NAHA01000048.1||full","69_1","reference_phage","SnAlvi_A1112.fna","Snodgrassella alvi","Core","Snodgrassella alvi","Snodgrassella alvi"
"268","NAHB01000016.1||full","94_2","reference_phage","SnAlvi_A112.fna","Snodgrassella alvi","Core","Snodgrassella alvi","Snodgrassella alvi"
"270","NAHB01000035.1||full","70_1","reference_phage","SnAlvi_A112.fna","Snodgrassella alvi","Core","Snodgrassella alvi","Snodgrassella alvi"
"271","NAHB01000047.1||full_1","76_3","reference_phage","SnAlvi_A112.fna","Snodgrassella alvi","Core","Snodgrassella alvi","Snodgrassella alvi"
"273","NAHC01000040.1||full","67_8","reference_phage","SnAlvi_A2.fna","Snodgrassella alvi","Core","Snodgrassella alvi","Snodgrassella alvi"
"276","NAHD01000043.1||full","70_2","reference_phage","SnAlvi_A212.fna","Snodgrassella alvi","Core","Snodgrassella alvi","Snodgrassella alvi"
"277","NAHD01000052.1||full","81_2","reference_phage","SnAlvi_A212.fna","Snodgrassella alvi","Core","Snodgrassella alvi","Snodgrassella alvi"
"278","NAHD01000066.1||0_partial_1","67_3","reference_phage","SnAlvi_A212.fna","Snodgrassella alvi","Core","Snodgrassella alvi","Snodgrassella alvi"
"279","NAHD01000067.1||full_1","76_1","reference_phage","SnAlvi_A212.fna","Snodgrassella alvi","Core","Snodgrassella alvi","Snodgrassella alvi"
"282","NAHF01000049.1||full","93_0","reference_phage","SnAlvi_A5.fna","Snodgrassella alvi","Core","Snodgrassella alvi","Snodgrassella alvi"
"284","NAHF01000117.1||full_1","79_2","reference_phage","SnAlvi_A5.fna","Snodgrassella alvi","Core","Snodgrassella alvi","Snodgrassella alvi"
"285","NAHG01000075.1||full","86_0","reference_phage","SnAlvi_A524.fna","Snodgrassella alvi","Core","Snodgrassella alvi","Snodgrassella alvi"
"286","NAHG01000084.1||full","90_3","reference_phage","SnAlvi_A524.fna","Snodgrassella alvi","Core","Snodgrassella alvi","Snodgrassella alvi"
"289","NAHG01000135.1||full","81_3","reference_phage","SnAlvi_A524.fna","Snodgrassella alvi","Core","Snodgrassella alvi","Snodgrassella alvi"
"292","NAHH01000025.1||full","90_2","reference_phage","SnAlvi_A924.fna","Snodgrassella alvi","Core","Snodgrassella alvi","Snodgrassella alvi"
"297","NAHI01000068.1||0_partial_1","67_6","reference_phage","SnAlvi_NW4.fna","Snodgrassella alvi","Core","Snodgrassella alvi","Snodgrassella alvi"
"299","NAHJ01000054.1||full","84_0","reference_phage","SnAlvi_NW7.fna","Snodgrassella alvi","Core","Snodgrassella alvi","Snodgrassella alvi"
"300","NAHJ01000056.1||0_partial_1","67_13","reference_phage","SnAlvi_NW7.fna","Snodgrassella alvi","Core","Snodgrassella alvi","Snodgrassella alvi"
"301","NAHK01000076.1||full","87_0","reference_phage","SnAlvi_N9.fna","Snodgrassella alvi","Core","Snodgrassella alvi","Snodgrassella alvi"
"302","NAHK01000087.1||full","85_0","reference_phage","SnAlvi_N9.fna","Snodgrassella alvi","Core","Snodgrassella alvi","Snodgrassella alvi"
"304","NAHL01000055.1||full","67_11","reference_phage","SnAlvi_NS1.fna","Snodgrassella alvi","Core","Snodgrassella alvi","Snodgrassella alvi"
"306","NAHM01000034.1||full","67_5","reference_phage","SnAlvi_NS2.fna","Snodgrassella alvi","Core","Snodgrassella alvi","Snodgrassella alvi"
"307","NAHM01000052.1||full_1","89_2","reference_phage","SnAlvi_NS2.fna","Snodgrassella alvi","Core","Snodgrassella alvi","Snodgrassella alvi"
"309","NAHN01000070.1||full_1","82_3","reference_phage","SnAlvi_NS3.fna","Snodgrassella alvi","Core","Snodgrassella alvi","Snodgrassella alvi"
"311","NAHO01000019.1||full_1","89_1","reference_phage","SnAlvi_NS4.fna","Snodgrassella alvi","Core","Snodgrassella alvi","Snodgrassella alvi"
"314","NAHP01000036.1||full","67_12","reference_phage","SnAlvi_NS5.fna","Snodgrassella alvi","Core","Snodgrassella alvi","Snodgrassella alvi"
"315","NAHP01000076.1||full_1","72_1","reference_phage","SnAlvi_NS5.fna","Snodgrassella alvi","Core","Snodgrassella alvi","Snodgrassella alvi"
"316","NAHQ01000093.1||full","72_2","reference_phage","SnAlvi_N23.fna","Snodgrassella alvi","Core","Snodgrassella alvi","Snodgrassella alvi"
"319","NAHR01000040.1||full_1","15_6","reference_phage","GiApicola_NO6.fna","Gilliamella apicola","Core","Gilliamella spp.","Gilliamella apicola"
"321","NAHS01000162.1||full","34_1","reference_phage","GiApicola_NO8.fna","Gilliamella apicola","Core","Gilliamella spp.","Gilliamella apicola"
"322","NAHT01000036.1||full_1","15_7","reference_phage","GiApicola_N1212.fna","Gilliamella apicola","Core","Gilliamella spp.","Gilliamella apicola"
"323","NAHU01000050.1||full","15_8","reference_phage","GiApicola_NO10.fna","Gilliamella apicola","Core","Gilliamella spp.","Gilliamella apicola"
"324","NAHU01000086.1||full","34_2","reference_phage","GiApicola_NO10.fna","Gilliamella apicola","Core","Gilliamella spp.","Gilliamella apicola"
"326","NAHW01000044.1||full","15_9","reference_phage","GiApicola_N94.fna","Gilliamella apicola","Core","Gilliamella spp.","Gilliamella apicola"
"327","NAHX01000216.1||full_1","15_1","reference_phage","GiApicola_N1512.fna","Gilliamella apicola","Core","Gilliamella spp.","Gilliamella apicola"
"330","NARN01000040.1||full_1","24_1","reference_phage","GiApicola_N4.fna","Gilliamella apicola","Core","Gilliamella spp.","Gilliamella apicola"
"332","NARO01000026.1||full_1","24_4","reference_phage","GiApicola_A1212.fna","Gilliamella apicola","Core","Gilliamella spp.","Gilliamella apicola"
"334","NARO01000048.1||full","16_4","reference_phage","GiApicola_A1212.fna","Gilliamella apicola","Core","Gilliamella spp.","Gilliamella apicola"
"339","NARP01000053.1||full","15_4","reference_phage","GiApicola_A712.fna","Gilliamella apicola","Core","Gilliamella spp.","Gilliamella apicola"
"342","NARQ01000057.1||full","16_7","reference_phage","GiApicola_A724.fna","Gilliamella apicola","Core","Gilliamella spp.","Gilliamella apicola"
"343","NARQ01000060.1||full","18_0","reference_phage","GiApicola_A724.fna","Gilliamella apicola","Core","Gilliamella spp.","Gilliamella apicola"
"344","NARR01000013.1||full_1","52_1","reference_phage","GiApicola_A812.fna","Gilliamella apicola","Core","Gilliamella spp.","Gilliamella apicola"
"345","NARR01000021.1||full_1","16_8","reference_phage","GiApicola_A812.fna","Gilliamella apicola","Core","Gilliamella spp.","Gilliamella apicola"
"346","NARR01000049.1||full","26_2","reference_phage","GiApicola_A812.fna","Gilliamella apicola","Core","Gilliamella spp.","Gilliamella apicola"
"347","NART01000007.1||full_1","35_1","reference_phage","GiApicola_A912.fna","Gilliamella apicola","Core","Gilliamella spp.","Gilliamella apicola"
"350","NART01000042.1||full","50_3","reference_phage","GiApicola_A912.fna","Gilliamella apicola","Core","Gilliamella spp.","Gilliamella apicola"
"353","NARU01000006.1||full_1","49_3","reference_phage","GiApicola_AW13.fna","Gilliamella apicola","Core","Gilliamella spp.","Gilliamella apicola"
"354","NARU01000012.1||full","46_1","reference_phage","GiApicola_AW13.fna","Gilliamella apicola","Core","Gilliamella spp.","Gilliamella apicola"
"356","NARU01000096.1||full","50_2","reference_phage","GiApicola_AW13.fna","Gilliamella apicola","Core","Gilliamella spp.","Gilliamella apicola"
"358","NARU01000131.1||full","58_0","reference_phage","GiApicola_AW13.fna","Gilliamella apicola","Core","Gilliamella spp.","Gilliamella apicola"
"359","NARV01000002.1||full_1","47_1","reference_phage","GiApicola_N10.fna","Gilliamella apicola","Core","Gilliamella spp.","Gilliamella apicola"
"360","NARV01000043.1||full_1","24_2","reference_phage","GiApicola_N10.fna","Gilliamella apicola","Core","Gilliamella spp.","Gilliamella apicola"
"361","NARV01000062.1||full","16_2","reference_phage","GiApicola_N10.fna","Gilliamella apicola","Core","Gilliamella spp.","Gilliamella apicola"
"364","NARW01000044.1||full","16_3","reference_phage","GiApicola_N2.fna","Gilliamella apicola","Core","Gilliamella spp.","Gilliamella apicola"
"365","NARX01000016.1||full","48_1","reference_phage","GiApicola_AW11.fna","Gilliamella apicola","Core","Gilliamella spp.","Gilliamella apicola"
"366","NARX01000029.1||full","52_2","reference_phage","GiApicola_AW11.fna","Gilliamella apicola","Core","Gilliamella spp.","Gilliamella apicola"
"367","NARX01000067.1||full","53_0","reference_phage","GiApicola_AW11.fna","Gilliamella apicola","Core","Gilliamella spp.","Gilliamella apicola"
"368","NARX01000081.1||full","24_5","reference_phage","GiApicola_AW11.fna","Gilliamella apicola","Core","Gilliamella spp.","Gilliamella apicola"
"369","NARX01000099.1||full","16_5","reference_phage","GiApicola_AW11.fna","Gilliamella apicola","Core","Gilliamella spp.","Gilliamella apicola"
"370","NARY01000126.1||full","22_2","reference_phage","GiApicola_AM4.fna","Gilliamella apicola","Core","Gilliamella spp.","Gilliamella apicola"
"371","NARZ01000046.1||full","16_1","reference_phage","GiApicola_N6.fna","Gilliamella apicola","Core","Gilliamella spp.","Gilliamella apicola"
"374","NASA01000012.1||0_partial_1","14_1","reference_phage","GiApicola_NG5.fna","Gilliamella apicola","Core","Gilliamella spp.","Gilliamella apicola"
"375","NASB01000025.1||0_partial_1","45_1","reference_phage","GiApicola_N22.fna","Gilliamella apicola","Core","Gilliamella spp.","Gilliamella apicola"
"376","NASB01000027.1||full","43_1","reference_phage","GiApicola_N22.fna","Gilliamella apicola","Core","Gilliamella spp.","Gilliamella apicola"
"377","NASB01000047.1||full","14_2","reference_phage","GiApicola_N22.fna","Gilliamella apicola","Core","Gilliamella spp.","Gilliamella apicola"
"378","NASC01000057.1||full","43_2","reference_phage","GiApicola_N28.fna","Gilliamella apicola","Core","Gilliamella spp.","Gilliamella apicola"
"379","NASC01000090.1||full_1","45_2","reference_phage","GiApicola_N28.fna","Gilliamella apicola","Core","Gilliamella spp.","Gilliamella apicola"
"380","NASC01000102.1||full","51_0","reference_phage","GiApicola_N28.fna","Gilliamella apicola","Core","Gilliamella spp.","Gilliamella apicola"
"382","NASF01000035.1||full_1","37_1","reference_phage","GiApis_NO14.fna","Gilliamella apis","Core","Gilliamella spp.","Gilliamella apis"
"384","NASH01000020.1||0_partial_1","56_2","reference_phage","GiApis_NO12.fna","Gilliamella apis","Core","Gilliamella spp.","Gilliamella apis"
"385","NASI01000055.1||full","37_3","reference_phage","GiApis_NO1.fna","Gilliamella apis","Core","Gilliamella spp.","Gilliamella apis"
"387","NASJ01000006.1||0_partial_1","37_2","reference_phage","GiApis_NO15.fna","Gilliamella apis","Core","Gilliamella spp.","Gilliamella apis"
"388","NASK01000078.1||full_1","37_5","reference_phage","GiApis_A412.fna","Gilliamella apis","Core","Gilliamella spp.","Gilliamella apis"
"389","NASK01000096.1||full_1","60_0","reference_phage","GiApis_A412.fna","Gilliamella apis","Core","Gilliamella spp.","Gilliamella apis"
"390","NASK01000099.1||0_partial","30_0","reference_phage","GiApis_A412.fna","Gilliamella apis","Core","Gilliamella spp.","Gilliamella apis"
"391","NASM01000083.1||full_1","37_4","reference_phage","GiApis_NO4.fna","Gilliamella apis","Core","Gilliamella spp.","Gilliamella apis"
"392","NASM01000113.1||full","56_1","reference_phage","GiApis_NO4.fna","Gilliamella apis","Core","Gilliamella spp.","Gilliamella apis"
"394","NASU01000020.1||full_1","19_1","reference_phage","GiApis_NG3.fna","Gilliamella apis","Core","Gilliamella spp.","Gilliamella apis"
"395","NASV01000031.1||full_1","38_0","reference_phage","GiApis_NG4.fna","Gilliamella apis","Core","Gilliamella spp.","Gilliamella apis"
"428","NXEN01000041.1||full","77_0","reference_phage","SnAlvi_E1.fna","Snodgrassella alvi","Core","Snodgrassella alvi","Snodgrassella alvi"
"429","NXEN01000063.1||0_partial_1","92_0","reference_phage","SnAlvi_E1.fna","Snodgrassella alvi","Core","Snodgrassella alvi","Snodgrassella alvi"
"430","QGLG01000002.1||0_partial_1","102_0","reference_phage","LaMelliventris_ESL0184.fna","Lactobacillus melliventris","Core","Firm-5","Lactobacillus melliventris"
"431","QGLG01000002.1||1_partial_1","99_3","reference_phage","LaMelliventris_ESL0184.fna","Lactobacillus melliventris","Core","Firm-5","Lactobacillus melliventris"
"432","QGLH01000003.1||0_partial_1","2_0","reference_phage","BiAsteroides_ESL0170.fna","Bifidobacterium asteroides","Core","Bifidobacterium spp.","Bifidobacterium asteroides"
"433","QGLI01000005.1||0_partial","5_0","reference_phage","BiIndicum_ESL0197.fna","Bifidobacterium indicum","Core","Bifidobacterium spp.","Bifidobacterium indicum"
"435","QGLM01000017.1||0_partial_1","98_0","reference_phage","FrPerrara_ESL0167.fna","Frischella perrara","Core","Frischella perrara","Frischella perrara"
"436","QGLN01000004.1||0_partial_1","19_3","reference_phage","GiApis_ESL0169.fna","Gilliamella apis","Core","Gilliamella spp.","Gilliamella apis"
"437","QGLO01000004.1||0_partial_1","40_0","reference_phage","GiApis_ESL0172.fna","Gilliamella apis","Core","Gilliamella spp.","Gilliamella apis"
"438","QGLO01000004.1||1_partial_1","55_1a","reference_phage","GiApis_ESL0172.fna","Gilliamella apis","Core","Gilliamella spp.","Gilliamella apis"
"439","QGLO01000004.1||2_partial_1","32_0","reference_phage","GiApis_ESL0172.fna","Gilliamella apis","Core","Gilliamella spp.","Gilliamella apis"
"440","QGLP01000005.1||0_partial_1","41_0","reference_phage","GiApicola_ESL0177.fna","Gilliamella apicola","Core","Gilliamella spp.","Gilliamella apicola"
"441","QGLP01000005.1||1_partial_1","20_2","reference_phage","GiApicola_ESL0177.fna","Gilliamella apicola","Core","Gilliamella spp.","Gilliamella apicola"
"442","QGLQ01000008.1||0_partial_1","14_3","reference_phage","GiApicola_ESL0178.fna","Gilliamella apicola","Core","Gilliamella spp.","Gilliamella apicola"
"443","QGLR01000009.1||0_partial_1","20_3","reference_phage","GiApicola_ESL0182.fna","Gilliamella apicola","Core","Gilliamella spp.","Gilliamella apicola"
"444","QGLR01000012.1||0_partial_1","33_0","reference_phage","GiApicola_ESL0182.fna","Gilliamella apicola","Core","Gilliamella spp.","Gilliamella apicola"
"445","QGLS01000008.1||full_1","83_2","reference_phage","SnAlvi_ESL0196.fna","Snodgrassella alvi","Core","Snodgrassella alvi","Snodgrassella alvi"
"447","QUBN01000015.1||0_partial","63_0","reference_phage","LaKunkeei_KA01.fna","Lactobacillus kunkeei","Core","Lactobacillus kunkeei","Lactobacillus kunkeei"
"448","QUBO01000010.1||full","66_0","reference_phage","LaKunkeei_3L.fna","Lactobacillus kunkeei","Core","Lactobacillus kunkeei","Lactobacillus kunkeei"
"449","VMHJ01000002.1||0_partial_1","1_1","reference_phage","BiAsteroides_W8111.fna","Bifidobacterium asteroides","Core","Bifidobacterium spp.","Bifidobacterium asteroides"
"450","VMHL01000001.1||0_partial_1","44_0","reference_phage","GiApicola_W8131.fna","Gilliamella apicola","Core","Gilliamella spp.","Gilliamella apicola"
"451","VMHL01000001.1||1_partial_1","55_2","reference_phage","GiApicola_W8131.fna","Gilliamella apicola","Core","Gilliamella spp.","Gilliamella apicola"
"452","VMHL01000006.1||0_partial_1","59_0","reference_phage","GiApicola_W8131.fna","Gilliamella apicola","Core","Gilliamella spp.","Gilliamella apicola"
"453","VMHM01000003.1||0_partial_1","27_2","reference_phage","GiApicola_W8127.fna","Gilliamella apicola","Core","Gilliamella spp.","Gilliamella apicola"
"454","VMHM01000008.1||0_partial_1","26_3","reference_phage","GiApicola_W8127.fna","Gilliamella apicola","Core","Gilliamella spp.","Gilliamella apicola"
"455","VMHM01000011.1||0_partial_1","61_0","reference_phage","GiApicola_W8127.fna","Gilliamella apicola","Core","Gilliamella spp.","Gilliamella apicola"
"456","VMHM01000015.1||full_1","13_0","reference_phage","GiApicola_W8127.fna","Gilliamella apicola","Core","Gilliamella spp.","Gilliamella apicola"
"457","VMHM01000017.1||full_1","23_0","reference_phage","GiApicola_W8127.fna","Gilliamella apicola","Core","Gilliamella spp.","Gilliamella apicola"
"459","WHNS01000006.1||0_partial_1","10_0","reference_phage","BoApis_SME1.fna","Bombella apis","Core","Acetobacter","Bombella apis"
"460","WHNS01000008.1||full","174_0","reference_phage","BoApis_SME1.fna","Bombella apis","Core","Acetobacter","Bombella apis"
"461","WHNS01000010.1||0_partial_1","11_0","reference_phage","BoApis_SME1.fna","Bombella apis","Core","Acetobacter","Bombella apis"
"462","WKKW01000001.1||0_partial_1","3_0","reference_phage","BiAsteroides_VRA9sqn.fna","Bifidobacterium asteroides","Core","Bifidobacterium spp.","Bifidobacterium asteroides"
