scaffold_vib_out	checkv_input	type_vib	Quality_vib
CP014225.1||0_partial_1 16221-29602/68479	CP014225.1||0_partial_1	lytic	medium quality draft
CP020554.1||1_partial_1 5556-32371/57960	CP020554.1||1_partial_1	lytic	low quality draft
CP051129.1||0_partial_1 1-42784/173937	CP051129.1||0_partial_1	lysogenic	low quality draft
MEIM01000001.1||1_partial	MEIM01000001.1||1_partial	lysogenic	low quality draft
WKKW01000011.1||full	WKKW01000011.1||full	lytic	low quality draft
JPUI01000041.1||full	JPUI01000041.1||full	lysogenic	high quality draft
QGLP01000005.1||1_partial_1 10790-38598/63906	QGLP01000005.1||1_partial_1	lysogenic	medium quality draft
LZGU01000001.1||full	LZGU01000001.1||full	lytic	low quality draft
JACG01000027.1||full	JACG01000027.1||full	lytic	low quality draft
MEIP01000027.1||full_1 1-12336/17498	MEIP01000027.1||full_1	lytic	low quality draft
WKKW01000001.1||0_partial_1 1-36917/83203	WKKW01000001.1||0_partial_1	lysogenic	medium quality draft
NASB01000046.1||full_1 11738-15224/15224	NASB01000046.1||full_1	lytic	low quality draft
JAIN01000037.1||full_1 6135-11621/11621	JAIN01000037.1||full_1	lysogenic	low quality draft
LZGU01000046.1||full_1 15196-43108/58581	LZGU01000046.1||full_1	lytic	high quality draft
ADZY03000097.1||full	ADZY03000097.1||full	lytic	low quality draft
LZHA01000002.1||full	LZHA01000002.1||full	lytic	low quality draft
NAHX01000092.1||full	NAHX01000092.1||full	lytic	low quality draft
WNII01000003.1||full_1 1-5073/28300	WNII01000003.1||full_1	lytic	low quality draft
NAHG01000075.1||full	NAHG01000075.1||full	lytic	low quality draft
MZNI01000057.1||full	MZNI01000057.1||full	lysogenic	low quality draft
NAHB01000014.1||full	NAHB01000014.1||full	lysogenic	low quality draft
ADZY03000028.1||full	ADZY03000028.1||full	lytic	low quality draft
JSAW01000002.1||0_partial_1 1-37550/102398	JSAW01000002.1||0_partial_1	lytic	high quality draft
QUBO01000010.1||full	QUBO01000010.1||full	lysogenic	high quality draft
ADZY03000294.1||full	ADZY03000294.1||full	lytic	low quality draft
NAHQ01000094.1||full_1 1-9469/26242	NAHQ01000094.1||full_1	lytic	low quality draft
JAIM01000024.1||full_1 5669-17360/17360	JAIM01000024.1||full_1	lytic	low quality draft
LMYH01000017.1||0_partial_1 1-27161/69636	LMYH01000017.1||0_partial_1	lytic	low quality draft
CP019652.1||0_partial_1 1-59589/131833	CP019652.1||0_partial_1	lytic	high quality draft
CP000705.1||1_partial_1 1-49125/78894	CP000705.1||1_partial_1	lysogenic	low quality draft
NAHN01000079.1||0_partial_1 1-15099/33601	NAHN01000079.1||0_partial_1	lytic	low quality draft
CP019651.1||1_partial_1 1-52289/150549	CP019651.1||1_partial_1	lysogenic	high quality draft
LZHA01000018.1||full	LZHA01000018.1||full	lytic	low quality draft
JSAV01000004.1||0_partial_1 1-34479/67598	JSAV01000004.1||0_partial_1	lytic	high quality draft
LYST01000021.1||0_partial_1 13783-30361/30361	LYST01000021.1||0_partial_1	lytic	low quality draft
WNII01000002.1||full	WNII01000002.1||full	lytic	low quality draft
MEIL01000029.1||1_partial_1 1-21019/53483	MEIL01000029.1||1_partial_1	lytic	medium quality draft
NARY01000077.1||full	NARY01000077.1||full	lytic	low quality draft
MDVI01000017.1||full_1 1-15788/17798	MDVI01000017.1||full_1	lytic	low quality draft
CP051129.1||1_partial_1 3485-24895/72558	CP051129.1||1_partial_1	lytic	low quality draft
LZHA01000038.1||full	LZHA01000038.1||full	lytic	medium quality draft
WHNS01000006.1||0_partial_1 1-36754/89344	WHNS01000006.1||0_partial_1	lytic	medium quality draft
JACG01000005.1||full_1 1-7003/45927	JACG01000005.1||full_1	lytic	low quality draft
NAHH01000041.1||full	NAHH01000041.1||full	lysogenic	high quality draft
NASF01000035.1||full_1 3436-25063/25063	NASF01000035.1||full_1	lytic	medium quality draft
CP000705.1||2_partial_1 7491-20267/33372	CP000705.1||2_partial_1	lytic	low quality draft
MEIS01000086.1||full	MEIS01000086.1||full	lytic	low quality draft
LZHH01000063.1||full	LZHH01000063.1||full	lytic	low quality draft
NAHQ01000093.1||full	NAHQ01000093.1||full	lytic	medium quality draft
CP007287.1||0_partial_1 1-23954/36655	CP007287.1||0_partial_1	lytic	medium quality draft
MEIS01000054.1||full_1 1-30193/78884	MEIS01000054.1||full_1	lytic	medium quality draft
AP021885.1||0_partial_1 1-37549/90981	AP021885.1||0_partial_1	lytic	high quality draft
CP020557.1||2_partial_1 5696-51753/165735	CP020557.1||2_partial_1	lytic	medium quality draft
NAGY01000056.1||full_1 1-34527/77640	NAGY01000056.1||full_1	lytic	low quality draft
CH981467.1||full	CH981467.1||full	lytic	low quality draft
LZGM01000117.1||0_partial_1 1-13280/18042	LZGM01000117.1||0_partial_1	lytic	low quality draft
MDVH01000027.1||0_partial_1 5469-28674/69116	MDVH01000027.1||0_partial_1	lytic	low quality draft
JSAZ01000001.1||1_partial_1 1-18625/27733	JSAZ01000001.1||1_partial_1	lytic	low quality draft
LXYT01000001.1||0_partial_1 1-29444/44197	LXYT01000001.1||0_partial_1	lytic	low quality draft
MZNH01000124.1||full	MZNH01000124.1||full	lytic	low quality draft
LZGN01000016.1||full	LZGN01000016.1||full	lytic	low quality draft
MDVH01000009.1||full	MDVH01000009.1||full	lytic	low quality draft
MDVC01000074.1||full_1 1-1909/4666	MDVC01000074.1||full_1	lytic	low quality draft
NASJ01000006.1||0_partial_1 1-24730/30656	NASJ01000006.1||0_partial_1	lytic	medium quality draft
AVQL01000365.1||full	AVQL01000365.1||full	lytic	low quality draft
CP003355.1||2_partial_1 1-28027/57152	CP003355.1||2_partial_1	lytic	low quality draft
JFON01000002.1||0_partial_1 5209-54598/185105	JFON01000002.1||0_partial_1	lytic	low quality draft
NART01000042.1||full	NART01000042.1||full	lysogenic	low quality draft
LZGU01000070.1||full	LZGU01000070.1||full	lytic	low quality draft
NASK01000099.1||0_partial	NASK01000099.1||0_partial	lytic	medium quality draft
JSAZ01000002.1||0_partial_1 15109-36212/36212	JSAZ01000002.1||0_partial_1	lytic	medium quality draft
NAHS01000264.1||full	NAHS01000264.1||full	lysogenic	low quality draft
LZGR01000021.1||full	LZGR01000021.1||full	lysogenic	medium quality draft
JSAY01000005.1||0_partial_1 4300-24711/38528	JSAY01000005.1||0_partial_1	lytic	low quality draft
JAIL01000227.1||full	JAIL01000227.1||full	lytic	low quality draft
ATSX01000006.1||full_1 27434-33318/33318	ATSX01000006.1||full_1	lytic	low quality draft
NARU01000240.1||full_1 1-1802/2504	NARU01000240.1||full_1	lytic	low quality draft
MEJG01000009.1||full	MEJG01000009.1||full	lytic	low quality draft
LZEI01000006.1||0_partial_1 1-34812/74990	LZEI01000006.1||0_partial_1	lysogenic	medium quality draft
NAHG01000113.1||full_1 1-2993/14202	NAHG01000113.1||full_1	lytic	low quality draft
NART01000016.1||full_1 1-27183/47588	NART01000016.1||full_1	lytic	low quality draft
LZHN01000089.1||full	LZHN01000089.1||full	lytic	medium quality draft
NASI01000055.1||full	NASI01000055.1||full	lytic	low quality draft
JSAZ01000001.1||0_partial_1 3457-36088/36088	JSAZ01000001.1||0_partial_1	lytic	high quality draft
LZHB01000041.1||full_1 1-42042/58089	LZHB01000041.1||full_1	lysogenic	medium quality draft
WHNS01000010.1||0_partial_1 27916-61556/86529	WHNS01000010.1||0_partial_1	lytic	high quality draft
AP018526.1||1_partial_1 3243-23654/43289	AP018526.1||1_partial_1	lytic	low quality draft
JFZW01000003.1||1_partial	JFZW01000003.1||1_partial	lytic	medium quality draft
CP007446.1||0_partial_1 9974-54897/140799	CP007446.1||0_partial_1	lytic	medium quality draft
LZGV01000069.1||full	LZGV01000069.1||full	lytic	low quality draft
CP019659.1||1_partial_1 12576-66724/142188	CP019659.1||1_partial_1	lytic	high quality draft
NAGY01000055.1||0_partial_1 4477-22083/22083	NAGY01000055.1||0_partial_1	lytic	low quality draft
ADFW01000001.1||1_partial_1 3444-101060/282841	ADFW01000001.1||1_partial_1	lysogenic	high quality draft
NARO01000021.1||full	NARO01000021.1||full	lytic	high quality draft
CP003355.1||0_partial_1 1-58504/129354	CP003355.1||0_partial_1	lytic	high quality draft
LZGV01000002.1||full	LZGV01000002.1||full	lytic	low quality draft
MEIU01000056.1||full	MEIU01000056.1||full	lytic	low quality draft
JSBE01000003.1||0_partial_1 1-34479/67598	JSBE01000003.1||0_partial_1	lytic	high quality draft
ADZY03000330.1||full	ADZY03000330.1||full	lytic	low quality draft
MEII01000010.1||0_partial_1 1-43009/140503	MEII01000010.1||0_partial_1	lysogenic	medium quality draft
MZNE01000019.1||full_1 25312-53128/53128	MZNE01000019.1||full_1	lytic	low quality draft
MDVB01000089.1||full	MDVB01000089.1||full	lytic	low quality draft
MZNH01000051.1||full	MZNH01000051.1||full	lytic	low quality draft
MDVE01000060.1||full	MDVE01000060.1||full	lytic	low quality draft
NARQ01000033.1||full	NARQ01000033.1||full	lytic	low quality draft
AZDD01000030.1||full	AZDD01000030.1||full	lytic	low quality draft
WNID01000012.1||0_partial_1 1-44137/76107	WNID01000012.1||0_partial_1	lytic	medium quality draft
VMHJ01000002.1||0_partial_1 1-37691/70592	VMHJ01000002.1||0_partial_1	lysogenic	medium quality draft
MDUZ01000102.1||full	MDUZ01000102.1||full	lytic	low quality draft
JSBB01000007.1||full_1 67254-98697/160318	JSBB01000007.1||full_1	lytic	high quality draft
NARO01000026.1||full_1 19876-33962/33962	NARO01000026.1||full_1	lytic	low quality draft
CH981396.1||full	CH981396.1||full	lytic	high quality draft
JFZX01000004.1||full_1 29701-81054/81054	JFZX01000004.1||full_1	lysogenic	high quality draft
LYST01000013.1||full	LYST01000013.1||full	lytic	low quality draft
NAGY01000038.1||full	NAGY01000038.1||full	lysogenic	high quality draft
ADZY03000209.1||full	ADZY03000209.1||full	lytic	low quality draft
LZHK01000041.1||full	LZHK01000041.1||full	lytic	low quality draft
LMYI01000002.1||0_partial_1 1-28774/50465	LMYI01000002.1||0_partial_1	lytic	low quality draft
MEIM01000010.1||full	MEIM01000010.1||full	lytic	low quality draft
LMYJ01000005.1||0_partial_1 1-28774/57361	LMYJ01000005.1||0_partial_1	lytic	low quality draft
ADZY03000119.1||full	ADZY03000119.1||full	lytic	low quality draft
ADZY03000111.1||full	ADZY03000111.1||full	lytic	low quality draft
CH981455.1||full	CH981455.1||full	lytic	low quality draft
MEIV01000053.1||full_1 127713-171805/174396	MEIV01000053.1||full_1	lysogenic	medium quality draft
MZNE01000010.1||full_1 1-20592/64089	MZNE01000010.1||full_1	lysogenic	medium quality draft
CP030089.1||1_partial_1 1-44140/126571	CP030089.1||1_partial_1	lysogenic	medium quality draft
ADZY03000272.1||full	ADZY03000272.1||full	lytic	low quality draft
NAHD01000030.1||full	NAHD01000030.1||full	lysogenic	low quality draft
MVDP01000055.1||0_partial_1 4143-20917/20917	MVDP01000055.1||0_partial_1	lytic	low quality draft
AZDD01000050.1||full	AZDD01000050.1||full	lytic	low quality draft
VMHM01000008.1||0_partial_1 6699-22203/22203	VMHM01000008.1||0_partial_1	lysogenic	low quality draft
MZNE01000128.1||full	MZNE01000128.1||full	lytic	low quality draft
CP015820.1||0_partial_1 1-25200/37636	CP015820.1||0_partial_1	lytic	low quality draft
NAHI01000074.1||0_partial_1 8040-42877/58675	NAHI01000074.1||0_partial_1	lysogenic	medium quality draft
MDVA01000013.1||full	MDVA01000013.1||full	lytic	high quality draft
JFZV01000025.1||full	JFZV01000025.1||full	lytic	low quality draft
CP019717.1||2_partial_1 1-39615/183865	CP019717.1||2_partial_1	lytic	high quality draft
MZNI01000033.1||full_1 19456-33663/33663	MZNI01000033.1||full_1	lytic	low quality draft
CH981435.1||full_1 3763-31252/56668	CH981435.1||full_1	lytic	low quality draft
MEIP01000010.1||0_partial_1 3502-25744/60652	MEIP01000010.1||0_partial_1	lytic	low quality draft
LZGZ01000136.1||full	LZGZ01000136.1||full	lytic	low quality draft
JOPB01000048.1||full_1 1-4555/5717	JOPB01000048.1||full_1	lytic	low quality draft
CP019719.1||full_1 1-38165/45544	CP019719.1||full_1	lytic	high quality draft
MDVE01000008.1||full	MDVE01000008.1||full	lysogenic	low quality draft
MEIU01000057.1||1_partial_1 4762-24971/24971	MEIU01000057.1||1_partial_1	lysogenic	high quality draft
NAHG01000121.1||full	NAHG01000121.1||full	lytic	low quality draft
ADFW01000005.1||full	ADFW01000005.1||full	lytic	high quality draft
LZHJ01000002.1||full	LZHJ01000002.1||full	lysogenic	high quality draft
CP000705.1||0_partial_1 1-42742/86449	CP000705.1||0_partial_1	lytic	low quality draft
MEIO01000026.1||0_partial_1 7234-37350/37350	MEIO01000026.1||0_partial_1	lysogenic	high quality draft
NAHT01000036.1||full_1 1-18519/30056	NAHT01000036.1||full_1	lysogenic	low quality draft
LZGU01000003.1||full	LZGU01000003.1||full	lytic	low quality draft
JAAEDX010000004.1||full	JAAEDX010000004.1||full	lytic	high quality draft
LZGL01000009.1||0_partial_1 11945-47757/97152	LZGL01000009.1||0_partial_1	lysogenic	high quality draft
MEIP01000011.1||full_1 78659-113011/113011	MEIP01000011.1||full_1	lytic	medium quality draft
MDVI01000035.1||full_1 21663-53998/83666	MDVI01000035.1||full_1	lytic	high quality draft
JSAX01000003.1||0_partial_1 1-34479/67598	JSAX01000003.1||0_partial_1	lytic	high quality draft
NXEN01000024.1||0_partial_1 5787-30937/42342	NXEN01000024.1||0_partial_1	lytic	low quality draft
NART01000009.1||full_1 43293-63897/63897	NART01000009.1||full_1	lysogenic	medium quality draft
MDVD01000032.1||full	MDVD01000032.1||full	lytic	low quality draft
MDUY01000030.1||full	MDUY01000030.1||full	lytic	low quality draft
MZNE01000102.1||full	MZNE01000102.1||full	lytic	low quality draft
LXYS01000004.1||0_partial_1 1-41673/106518	LXYS01000004.1||0_partial_1	lysogenic	medium quality draft
MEIS01000093.1||0_partial_1 1-16212/35098	MEIS01000093.1||0_partial_1	lytic	low quality draft
NAHA01000021.1||full	NAHA01000021.1||full	lytic	low quality draft
MEIU01000057.1||0_partial_1 1-37000/77899	MEIU01000057.1||0_partial_1	lytic	medium quality draft
CP011024.1||0_partial_1 1-42742/86449	CP011024.1||0_partial_1	lytic	low quality draft
KQ033861.1||full	KQ033861.1||full	lytic	low quality draft
MDVI01000011.1||full	MDVI01000011.1||full	lytic	low quality draft
NARU01000167.1||full	NARU01000167.1||full	lytic	low quality draft
JAIM01000054.1||full	JAIM01000054.1||full	lytic	low quality draft
LZHC01000008.1||full	LZHC01000008.1||full	lytic	low quality draft
NART01000153.1||full_1 1-1802/2504	NART01000153.1||full_1	lytic	low quality draft
CP019659.1||3_partial_1 1-40697/120998	CP019659.1||3_partial_1	lysogenic	high quality draft
LZHD01000008.1||full	LZHD01000008.1||full	lytic	low quality draft
LZHM01000018.1||full	LZHM01000018.1||full	lytic	low quality draft
MEIW01000122.1||full_1 27806-70473/102114	MEIW01000122.1||full_1	lytic	medium quality draft
CP020557.1||6_partial_1 1-20972/63354	CP020557.1||6_partial_1	lytic	low quality draft
CP020558.1||full	CP020558.1||full	lysogenic	high quality draft
NARU01000006.1||full_1 26389-38202/38202	NARU01000006.1||full_1	lysogenic	low quality draft
NARU01000096.1||full	NARU01000096.1||full	lysogenic	low quality draft
LAWY01000084.1||full	LAWY01000084.1||full	lytic	low quality draft
NAGY01000035.1||full	NAGY01000035.1||full	lytic	low quality draft
QGLR01000012.1||0_partial_1 1-43249/60724	QGLR01000012.1||0_partial_1	lytic	high quality draft
NAHK01000128.1||full_1 1-18314/68247	NAHK01000128.1||full_1	lytic	low quality draft
NARQ01000076.1||full	NARQ01000076.1||full	lytic	low quality draft
CP035790.1||0_partial_1 1-46683/78898	CP035790.1||0_partial_1	lysogenic	low quality draft
ADZY03000008.1||full	ADZY03000008.1||full	lytic	low quality draft
ADZY03000210.1||full	ADZY03000210.1||full	lytic	low quality draft
LAWY01000067.1||full	LAWY01000067.1||full	lytic	low quality draft
CP014786.1||0_partial_1 1-36848/128254	CP014786.1||0_partial_1	lytic	low quality draft
LZHH01000079.1||full	LZHH01000079.1||full	lytic	low quality draft
NAHD01000067.1||full_1 42058-77640/77640	NAHD01000067.1||full_1	lytic	low quality draft
LZHM01000040.1||full_1 39919-73885/73885	LZHM01000040.1||full_1	lytic	low quality draft
AARF01000400.1||full	AARF01000400.1||full	lytic	low quality draft
NAGZ01000117.1||full_1 1-48675/85778	NAGZ01000117.1||full_1	lysogenic	high quality draft
CH981374.1||full_1 9928-27501/27501	CH981374.1||full_1	lytic	low quality draft
MEIQ01000028.1||0_partial_1 3803-37386/63528	MEIQ01000028.1||0_partial_1	lytic	high quality draft
NAHS01000253.1||full	NAHS01000253.1||full	lytic	low quality draft
LZHR01000118.1||full_1 42695-92887/107796	LZHR01000118.1||full_1	lytic	high quality draft
CP051129.1||0_partial_2 96640-135705/173937	CP051129.1||0_partial_2	lytic	medium quality draft
NAHO01000019.1||full_1 1-9469/42349	NAHO01000019.1||full_1	lytic	low quality draft
MDVC01000057.1||full_1 53610-79658/79658	MDVC01000057.1||full_1	lytic	medium quality draft
NARO01000030.1||full	NARO01000030.1||full	lytic	low quality draft
QGLS01000009.1||0_partial_1 1-25967/77770	QGLS01000009.1||0_partial_1	lytic	low quality draft
MZNF01000018.1||full_1 1-21700/57071	MZNF01000018.1||full_1	lytic	low quality draft
MEIS01000110.1||full_1 1-9222/62410	MEIS01000110.1||full_1	lysogenic	low quality draft
NAHS01000194.1||full_1 1-2646/4665	NAHS01000194.1||full_1	lytic	low quality draft
WNIM01000017.1||full	WNIM01000017.1||full	lytic	low quality draft
JAAEEA010000007.1||full_1 22748-32420/32420	JAAEEA010000007.1||full_1	lytic	low quality draft
MDUZ01000080.1||full	MDUZ01000080.1||full	lytic	low quality draft
JFZW01000006.1||0_partial_1 3502-26724/63640	JFZW01000006.1||0_partial_1	lytic	low quality draft
MZNF01000023.1||full_1 22305-50121/50121	MZNF01000023.1||full_1	lytic	low quality draft
CP019651.1||5_partial_1 1-23975/53319	CP019651.1||5_partial_1	lytic	low quality draft
NAHK01000087.1||full	NAHK01000087.1||full	lytic	low quality draft
LZGV01000081.1||full	LZGV01000081.1||full	lytic	low quality draft
NARQ01000057.1||full	NARQ01000057.1||full	lysogenic	low quality draft
CP020327.1||2_partial_1 6632-60779/140043	CP020327.1||2_partial_1	lytic	high quality draft
CP025268.1||4_partial_1 1-17019/32792	CP025268.1||4_partial_1	lysogenic	medium quality draft
MEII01000018.1||0_partial_1 7429-34134/49321	MEII01000018.1||0_partial_1	lytic	low quality draft
QGLG01000002.1||1_partial_1 1-35734/88800	QGLG01000002.1||1_partial_1	lysogenic	medium quality draft
LZGP01000031.1||full_2 56099-83897/88895	LZGP01000031.1||full_2	lytic	medium quality draft
JAIN01000055.1||full	JAIN01000055.1||full	lytic	low quality draft
ATSX01000001.1||1_partial_1 9090-25106/41563	ATSX01000001.1||1_partial_1	lytic	low quality draft
CP019652.1||2_partial_1 1-28027/57152	CP019652.1||2_partial_1	lytic	low quality draft
JAAEEA010000009.1||full	JAAEEA010000009.1||full	lytic	low quality draft
CH981511.1||full	CH981511.1||full	lytic	low quality draft
ADZY03000046.1||full	ADZY03000046.1||full	lytic	low quality draft
NARU01000131.1||full	NARU01000131.1||full	lytic	medium quality draft
MDUZ01000110.1||full	MDUZ01000110.1||full	lytic	low quality draft
JFZV01000010.1||full_1 1-19483/63673	JFZV01000010.1||full_1	lysogenic	medium quality draft
JAAEDX010000001.1||0_partial_1 8943-49184/122984	JAAEDX010000001.1||0_partial_1	lytic	medium quality draft
NARQ01000028.1||full	NARQ01000028.1||full	lytic	high quality draft
NAHO01000035.1||0_partial_1 1-24439/59197	NAHO01000035.1||0_partial_1	lytic	medium quality draft
CP019687.1||4_partial_1 5270-41848/104622	CP019687.1||4_partial_1	lysogenic	high quality draft
LZGS01000035.1||0_partial_1 1-10448/17790	LZGS01000035.1||0_partial_1	lysogenic	low quality draft
LZGX01000063.1||full	LZGX01000063.1||full	lytic	low quality draft
MDVB01000053.1||full_1 1-32401/86290	MDVB01000053.1||full_1	lytic	medium quality draft
CP019794.1||3_partial_1 1-42072/121309	CP019794.1||3_partial_1	lysogenic	high quality draft
LAWY01000071.1||full	LAWY01000071.1||full	lytic	medium quality draft
MZNF01000031.1||full_1 18901-39505/39505	MZNF01000031.1||full_1	lysogenic	medium quality draft
AARF01000040.1||full	AARF01000040.1||full	lytic	low quality draft
MDVF01000049.1||0_partial_1 3502-25587/66069	MDVF01000049.1||0_partial_1	lytic	low quality draft
NASM01000083.1||full_1 2614-11773/11773	NASM01000083.1||full_1	lytic	low quality draft
CP033087.1||0_partial_1 1-37614/65673	CP033087.1||0_partial_1	lytic	high quality draft
CP002844.1||0_partial_1 26204-102699/141493	CP002844.1||0_partial_1	lysogenic	high quality draft
LZGI01000018.1||0_partial_1 4536-57730/78553	LZGI01000018.1||0_partial_1	lytic	high quality draft
QICT01000010.1||0_partial_1 4472-20719/38007	QICT01000010.1||0_partial_1	lytic	low quality draft
JFZV01000012.1||full_1 10358-48511/48511	JFZV01000012.1||full_1	lysogenic	low quality draft
ADFW01000007.1||full	ADFW01000007.1||full	lytic	low quality draft
ADZY03000352.1||full	ADZY03000352.1||full	lytic	low quality draft
MZNE01000041.1||full_1 1-21700/24846	MZNE01000041.1||full_1	lytic	low quality draft
CH981519.1||full	CH981519.1||full	lytic	low quality draft
LZGV01000110.1||full	LZGV01000110.1||full	lytic	low quality draft
NAHH01000047.1||0_partial_1 1-2993/16463	NAHH01000047.1||0_partial_1	lytic	low quality draft
LZHF01000045.1||full_1 7174-44171/44171	LZHF01000045.1||full_1	lysogenic	medium quality draft
NARX01000149.1||full	NARX01000149.1||full	lytic	low quality draft
JSAV01000006.1||0_partial_1 3243-23654/43289	JSAV01000006.1||0_partial_1	lytic	low quality draft
LZHR01000065.1||full	LZHR01000065.1||full	lytic	low quality draft
MDVC01000006.1||full_1 11009-34319/34319	MDVC01000006.1||full_1	lysogenic	high quality draft
KQ034021.1||0_partial_1 2300-40161/107021	KQ034021.1||0_partial_1	lysogenic	medium quality draft
LZHO01000083.1||full_1 1-31503/41401	LZHO01000083.1||full_1	lytic	low quality draft
NARN01000040.1||full_1 1-8623/24639	NARN01000040.1||full_1	lytic	low quality draft
LZHO01000012.1||full	LZHO01000012.1||full	lytic	low quality draft
JACG01000067.1||full	JACG01000067.1||full	lytic	low quality draft
JATM01000003.1||0_partial_1 3502-29280/55524	JATM01000003.1||0_partial_1	lytic	low quality draft
CP006683.1||0_partial_1 1-37550/102398	CP006683.1||0_partial_1	lytic	high quality draft
LZGX01000043.1||full	LZGX01000043.1||full	lytic	low quality draft
LZHO01000002.1||full	LZHO01000002.1||full	lytic	low quality draft
CP019687.1||3_partial_1 1-54452/103277	CP019687.1||3_partial_1	lytic	high quality draft
QGTI01000017.1||0_partial_1 1-13167/15991	QGTI01000017.1||0_partial_1	lytic	low quality draft
WNIE01000009.1||full_1 35746-56728/56728	WNIE01000009.1||full_1	lytic	low quality draft
NAHG01000084.1||full	NAHG01000084.1||full	lysogenic	low quality draft
MEIJ01000002.1||0_partial_1 1-47160/182153	MEIJ01000002.1||0_partial_1	lysogenic	medium quality draft
WNIG01000007.1||full	WNIG01000007.1||full	lytic	low quality draft
LZHB01000061.1||full_1 59439-87740/98214	LZHB01000061.1||full_1	lytic	high quality draft
NARQ01000069.1||full	NARQ01000069.1||full	lytic	low quality draft
LAWY01000063.1||full	LAWY01000063.1||full	lytic	medium quality draft
CH981386.1||full_1 1-20344/31480	CH981386.1||full_1	lysogenic	low quality draft
MEIT01000055.1||full	MEIT01000055.1||full	lytic	low quality draft
LZHI01000013.1||0_partial_1 6889-38172/69070	LZHI01000013.1||0_partial_1	lysogenic	medium quality draft
MZNI01000007.1||full_1 26633-72434/72434	MZNI01000007.1||full_1	lytic	high quality draft
CBLY010000008.1||0_partial	CBLY010000008.1||0_partial	lytic	low quality draft
CP020557.1||8_partial	CP020557.1||8_partial	lytic	low quality draft
NAHG01000135.1||full	NAHG01000135.1||full	lytic	low quality draft
NAHM01000034.1||full	NAHM01000034.1||full	lytic	low quality draft
CH981405.1||full_1 7579-15313/15313	CH981405.1||full_1	lytic	low quality draft
QGLG01000002.1||0_partial_1 1-45129/137059	QGLG01000002.1||0_partial_1	lysogenic	high quality draft
QGLQ01000008.1||0_partial_1 1-11293/32621	QGLQ01000008.1||0_partial_1	lysogenic	low quality draft
LZHE01000133.1||full	LZHE01000133.1||full	lytic	low quality draft
JXCX01000009.1||full_1 2883-42578/126529	JXCX01000009.1||full_1	lytic	high quality draft
NASH01000020.1||0_partial_1 1-15842/22341	NASH01000020.1||0_partial_1	lytic	low quality draft
NASC01000171.1||full	NASC01000171.1||full	lytic	low quality draft
CM003359.1||full	CM003359.1||full	lysogenic	high quality draft
LZHE01000091.1||full_1 15377-49545/51710	LZHE01000091.1||full_1	lysogenic	high quality draft
QGLO01000004.1||2_partial_1 1-19190/26148	QGLO01000004.1||2_partial_1	lytic	low quality draft
JSBC01000003.1||0_partial_1 1-34479/67598	JSBC01000003.1||0_partial_1	lytic	high quality draft
MDUZ01000105.1||full	MDUZ01000105.1||full	lytic	low quality draft
NAHO01000037.1||0_partial_1 7888-24435/24435	NAHO01000037.1||0_partial_1	lytic	low quality draft
LZGY01000061.1||full_1 1-38399/63941	LZGY01000061.1||full_1	lytic	medium quality draft
LAWY01000007.1||full_1 1-42960/115041	LAWY01000007.1||full_1	lysogenic	high quality draft
NAHH01000025.1||full	NAHH01000025.1||full	lysogenic	low quality draft
MDVE01000011.1||full	MDVE01000011.1||full	lytic	low quality draft
VMHM01000017.1||full_1 45833-68603/86550	VMHM01000017.1||full_1	lysogenic	medium quality draft
ADZY03000321.1||full	ADZY03000321.1||full	lytic	low quality draft
ADZY03000332.1||full	ADZY03000332.1||full	lytic	low quality draft
LZHO01000086.1||full	LZHO01000086.1||full	lytic	low quality draft
CP019717.1||0_partial_3 486176-522418/562029	CP019717.1||0_partial_3	lysogenic	high quality draft
AP007281.1||1_partial_1 1-48563/80778	AP007281.1||1_partial_1	lysogenic	low quality draft
LZHH01000054.1||full_1 53570-93832/93832	LZHH01000054.1||full_1	lysogenic	high quality draft
MDUZ01000118.1||full_1 16879-51131/107492	MDUZ01000118.1||full_1	lytic	medium quality draft
NAHC01000079.1||full_1 1-48675/88586	NAHC01000079.1||full_1	lysogenic	high quality draft
AARF01000029.1||full	AARF01000029.1||full	lytic	low quality draft
CP014348.1||2_partial_1 6652-15499/42904	CP014348.1||2_partial_1	lytic	low quality draft
CP014348.1||3_partial_1 1-15970/28804	CP014348.1||3_partial_1	lytic	low quality draft
MDVH01000045.1||full_1 22754-31584/31584	MDVH01000045.1||full_1	lytic	low quality draft
LZGX01000089.1||full	LZGX01000089.1||full	lytic	low quality draft
NARY01000065.1||full	NARY01000065.1||full	lytic	low quality draft
MEIJ01000027.1||0_partial_1 2807-42315/91602	MEIJ01000027.1||0_partial_1	lysogenic	medium quality draft
CP019655.1||2_partial_1 12642-66790/142254	CP019655.1||2_partial_1	lytic	high quality draft
MDVE01000039.1||full	MDVE01000039.1||full	lytic	low quality draft
NAHG01000107.1||full	NAHG01000107.1||full	lysogenic	low quality draft
NARY01000126.1||full	NARY01000126.1||full	lysogenic	medium quality draft
CH981423.1||full_1 9496-15974/15974	CH981423.1||full_1	lytic	low quality draft
WNIE01000002.1||full_1 1-6300/28341	WNIE01000002.1||full_1	lytic	low quality draft
JAIK01000363.1||full	JAIK01000363.1||full	lytic	low quality draft
NAHM01000068.1||0_partial_1 7745-32186/32186	NAHM01000068.1||0_partial_1	lytic	medium quality draft
LAWY01000065.1||full	LAWY01000065.1||full	lytic	low quality draft
AP012282.1||0_partial_1 2672-21804/35669	AP012282.1||0_partial_1	lytic	low quality draft
MDVG01000045.1||0_partial_1 9216-43530/79994	MDVG01000045.1||0_partial_1	lytic	medium quality draft
LZHD01000082.1||full_1 20538-56139/56139	LZHD01000082.1||full_1	lytic	medium quality draft
LZEI01000011.1||0_partial_1 1-29202/52327	LZEI01000011.1||0_partial_1	lytic	low quality draft
LZHR01000021.1||full_1 31563-63237/63237	LZHR01000021.1||full_1	lysogenic	medium quality draft
NARP01000068.1||full_1 1-1802/2504	NARP01000068.1||full_1	lytic	low quality draft
LZHL01000015.1||full	LZHL01000015.1||full	lysogenic	high quality draft
NARV01000002.1||full_1 26289-74975/104411	NARV01000002.1||full_1	lysogenic	high quality draft
WNIM01000002.1||full	WNIM01000002.1||full	lytic	low quality draft
NARX01000143.1||full	NARX01000143.1||full	lysogenic	low quality draft
NAHH01000036.1||full	NAHH01000036.1||full	lytic	low quality draft
LZHA01000039.1||full	LZHA01000039.1||full	lytic	low quality draft
LZGO01000066.1||full	LZGO01000066.1||full	lytic	low quality draft
NASI01000094.1||full	NASI01000094.1||full	lytic	low quality draft
NARQ01000038.1||full_1 1-4400/25231	NARQ01000038.1||full_1	lytic	low quality draft
CP015625.1||0_partial_1 1-41474/66160	CP015625.1||0_partial_1	lytic	low quality draft
WNIF01000004.1||0_partial_1 1-17933/43678	WNIF01000004.1||0_partial_1	lytic	low quality draft
ADZY03000103.1||full	ADZY03000103.1||full	lytic	low quality draft
MDUY01000020.1||0_partial_1 1-34794/155612	MDUY01000020.1||0_partial_1	lytic	high quality draft
MEIQ01000033.1||0_partial_1 3502-38548/83719	MEIQ01000033.1||0_partial_1	lytic	medium quality draft
CP020557.1||0_partial_1 1-52400/195876	CP020557.1||0_partial_1	lysogenic	high quality draft
JSBA01000002.1||0_partial_1 1-37550/102398	JSBA01000002.1||0_partial_1	lytic	high quality draft
CP019652.1||1_partial_1 7864-38801/62525	CP019652.1||1_partial_1	lysogenic	medium quality draft
MEIW01000094.1||full_1 11884-14756/14756	MEIW01000094.1||full_1	lytic	low quality draft
NAHF01000049.1||full	NAHF01000049.1||full	lytic	low quality draft
AGFR01000015.1||full	AGFR01000015.1||full	lytic	low quality draft
CH981477.1||full	CH981477.1||full	lytic	low quality draft
NARO01000074.1||full	NARO01000074.1||full	lytic	low quality draft
ADZY03000271.1||full	ADZY03000271.1||full	lytic	low quality draft
CP012868.1||3_partial_1 1-15970/28804	CP012868.1||3_partial_1	lytic	low quality draft
LAWY01000092.1||full	LAWY01000092.1||full	lytic	low quality draft
NAGZ01000101.1||full_1 1-15457/36548	NAGZ01000101.1||full_1	lytic	low quality draft
LZGM01000070.1||full_2 76624-120346/126197	LZGM01000070.1||full_2	lysogenic	high quality draft
MDVH01000051.1||full_1 21663-53998/82887	MDVH01000051.1||full_1	lytic	high quality draft
MEII01000011.1||full_1 35812-74417/74417	MEII01000011.1||full_1	lysogenic	medium quality draft
NAHA01000069.1||full_1 21283-38889/38889	NAHA01000069.1||full_1	lytic	low quality draft
NAHG01000146.1||full	NAHG01000146.1||full	lytic	low quality draft
NASC01000111.1||full_1 1-5133/7446	NASC01000111.1||full_1	lysogenic	low quality draft
NAHV01000018.1||full_1 22102-42006/53543	NAHV01000018.1||full_1	lysogenic	low quality draft
MEJG01000001.1||0_partial_1 5447-21108/21108	MEJG01000001.1||0_partial_1	lytic	low quality draft
CP019794.1||2_partial_1 1-47033/122873	CP019794.1||2_partial_1	lysogenic	high quality draft
MVDP01000053.1||full_1 21468-60669/60669	MVDP01000053.1||full_1	lytic	medium quality draft
JACG01000058.1||full	JACG01000058.1||full	lytic	low quality draft
MZNH01000218.1||full	MZNH01000218.1||full	lytic	low quality draft
NAHX01000216.1||full_1 11731-19317/19317	NAHX01000216.1||full_1	lytic	low quality draft
LZHM01000053.1||full_1 11502-39939/39939	LZHM01000053.1||full_1	lysogenic	medium quality draft
MEIX01000059.1||full	MEIX01000059.1||full	lytic	low quality draft
NAHB01000031.1||full	NAHB01000031.1||full	lytic	low quality draft
CP007445.1||2_partial_1 5496-23387/28387	CP007445.1||2_partial_1	lysogenic	low quality draft
NAHU01000050.1||full	NAHU01000050.1||full	lysogenic	low quality draft
NARX01000053.1||full_1 12061-16991/16991	NARX01000053.1||full_1	lytic	low quality draft
AVQL01000451.1||full_1 1-35740/69894	AVQL01000451.1||full_1	lytic	medium quality draft
LZGV01000021.1||full_1 1-35801/78914	LZGV01000021.1||full_1	lysogenic	medium quality draft
WNIG01000014.1||full	WNIG01000014.1||full	lytic	medium quality draft
MDVA01000039.1||full_1 138532-180371/180371	MDVA01000039.1||full_1	lytic	low quality draft
WNID01000009.1||full_1 48886-69940/69940	WNID01000009.1||full_1	lytic	low quality draft
NASC01000102.1||full	NASC01000102.1||full	lytic	low quality draft
JFZV01000005.1||0_partial_1 4197-26303/66745	JFZV01000005.1||0_partial_1	lytic	low quality draft
NAHI01000068.1||0_partial_1 4197-19418/19418	NAHI01000068.1||0_partial_1	lytic	low quality draft
LZHL01000078.1||full	LZHL01000078.1||full	lytic	low quality draft
CP020327.1||3_partial_1 6333-32166/53282	CP020327.1||3_partial_1	lytic	low quality draft
NAHG01000139.1||full	NAHG01000139.1||full	lysogenic	medium quality draft
MDVE01000058.1||full_1 28519-62107/209958	MDVE01000058.1||full_1	lytic	high quality draft
CP041676.1||1_partial_1 1-38911/97275	CP041676.1||1_partial_1	lysogenic	low quality draft
NAHC01000022.1||full	NAHC01000022.1||full	lytic	low quality draft
WNIM01000009.1||full_1 42407-62005/62005	WNIM01000009.1||full_1	lytic	low quality draft
QGLP01000005.1||0_partial_1 4835-57999/105286	QGLP01000005.1||0_partial_1	lytic	high quality draft
LZGZ01000150.1||full	LZGZ01000150.1||full	lytic	medium quality draft
NAHD01000052.1||full	NAHD01000052.1||full	lytic	low quality draft
MEIM01000003.1||0_partial	MEIM01000003.1||0_partial	lysogenic	medium quality draft
CP035790.1||2_partial_1 5676-18452/28754	CP035790.1||2_partial_1	lytic	low quality draft
MDVA01000035.1||0_partial_1 1-20856/67113	MDVA01000035.1||0_partial_1	lytic	low quality draft
MDVE01000062.1||full	MDVE01000062.1||full	lytic	low quality draft
LZHR01000081.1||full	LZHR01000081.1||full	lytic	low quality draft
MDVH01000036.1||full	MDVH01000036.1||full	lytic	low quality draft
LZGK01000011.1||0_partial_1 1-54923/96551	LZGK01000011.1||0_partial_1	lysogenic	high quality draft
NAGW01000079.1||full_1 21468-60669/60669	NAGW01000079.1||full_1	lytic	medium quality draft
NARX01000067.1||full	NARX01000067.1||full	lytic	low quality draft
CP006014.1||full	CP006014.1||full	lysogenic	medium quality draft
CP029544.1||0_partial_1 7806-23454/37303	CP029544.1||0_partial_1	lysogenic	medium quality draft
LZGP01000026.1||full_1 13713-54517/80321	LZGP01000026.1||full_1	lysogenic	medium quality draft
MDVI01000014.1||full	MDVI01000014.1||full	lytic	low quality draft
LZHD01000103.1||full_1 23906-51025/110438	LZHD01000103.1||full_1	lytic	high quality draft
MDVI01000012.1||full	MDVI01000012.1||full	lytic	low quality draft
LZGN01000041.1||full	LZGN01000041.1||full	lytic	low quality draft
LZHA01000008.1||full	LZHA01000008.1||full	lytic	low quality draft
NASB01000027.1||full	NASB01000027.1||full	lysogenic	high quality draft
MEIR01000081.1||full_1 54711-93023/105405	MEIR01000081.1||full_1	lytic	medium quality draft
WNIM01000008.1||full	WNIM01000008.1||full	lytic	low quality draft
MZNF01000100.1||full	MZNF01000100.1||full	lytic	low quality draft
NAHA01000061.1||full	NAHA01000061.1||full	lytic	medium quality draft
VCSE01000020.1||full	VCSE01000020.1||full	lysogenic	low quality draft
LZHE01000016.1||full	LZHE01000016.1||full	lytic	low quality draft
QGLJ01000007.1||0_partial_1 1-34318/93163	QGLJ01000007.1||0_partial_1	lytic	medium quality draft
ADFW01000001.1||5_partial_1 1-25109/83348	ADFW01000001.1||5_partial_1	lytic	low quality draft
MEIM01000009.1||full	MEIM01000009.1||full	lytic	low quality draft
NAHD01000066.1||0_partial_1 1-15917/42370	NAHD01000066.1||0_partial_1	lytic	low quality draft
LZHH01000075.1||full	LZHH01000075.1||full	lytic	low quality draft
WNIL01000012.1||0_partial_1 1-41296/70835	WNIL01000012.1||0_partial_1	lytic	medium quality draft
MVDP01000049.1||full_1 5060-52938/52938	MVDP01000049.1||full_1	lytic	medium quality draft
QGLM01000017.1||0_partial_1 5355-21884/32495	QGLM01000017.1||0_partial_1	lytic	low quality draft
NARX01000081.1||full	NARX01000081.1||full	lytic	low quality draft
ADFW01000003.1||full_1 1-13475/86281	ADFW01000003.1||full_1	lytic	medium quality draft
MEIX01000029.1||0_partial_1 1-15131/31932	MEIX01000029.1||0_partial_1	lytic	low quality draft
ADZY03000041.1||full	ADZY03000041.1||full	lytic	low quality draft
MEIU01000005.1||full_1 10629-27429/27429	MEIU01000005.1||full_1	lysogenic	low quality draft
LZGK01000013.1||0_partial_1 1-14271/31360	LZGK01000013.1||0_partial_1	lysogenic	low quality draft
LZHA01000058.1||full_1 1-29973/81386	LZHA01000058.1||full_1	lytic	low quality draft
JOPB01000015.1||full	JOPB01000015.1||full	lytic	low quality draft
CP019717.1||3_partial_1 8904-50163/153770	CP019717.1||3_partial_1	lysogenic	high quality draft
CP019659.1||2_partial_1 1-44482/125598	CP019659.1||2_partial_1	lytic	high quality draft
CP007445.1||0_partial_1 8884-28869/67244	CP007445.1||0_partial_1	lysogenic	low quality draft
LZGY01000206.1||0_partial_1 11233-40727/63702	LZGY01000206.1||0_partial_1	lytic	medium quality draft
MEIJ01000027.1||1_partial_1 10868-36247/51434	MEIJ01000027.1||1_partial_1	lytic	low quality draft
MZNI01000010.1||0_partial_1 7575-20821/20821	MZNI01000010.1||0_partial_1	lytic	low quality draft
LZGZ01000081.1||full_1 1-25034/28991	LZGZ01000081.1||full_1	lytic	low quality draft
CP015821.1||0_partial_1 1-36450/53201	CP015821.1||0_partial_1	lytic	low quality draft
CP019717.1||1_partial_2 120688-162754/320585	CP019717.1||1_partial_2	lytic	high quality draft
CP025268.1||5_partial_1 6524-16786/21396	CP025268.1||5_partial_1	lysogenic	low quality draft
CP019687.1||1_partial_1 8969-59161/117591	CP019687.1||1_partial_1	lysogenic	high quality draft
MEIU01000010.1||full	MEIU01000010.1||full	lytic	low quality draft
ADZY03000110.1||full	ADZY03000110.1||full	lytic	medium quality draft
CP020557.1||5_partial_1 7479-40591/67149	CP020557.1||5_partial_1	lytic	low quality draft
LZGX01000022.1||full	LZGX01000022.1||full	lytic	low quality draft
LZGP01000006.1||full	LZGP01000006.1||full	lytic	low quality draft
CP020327.1||1_partial_1 1-44799/149240	CP020327.1||1_partial_1	lytic	high quality draft
ADZY03000243.1||full	ADZY03000243.1||full	lytic	low quality draft
MEIK01000034.1||0_partial_1 1-19466/49602	MEIK01000034.1||0_partial_1	lytic	medium quality draft
NXEN01000041.1||full	NXEN01000041.1||full	lysogenic	low quality draft
CP019687.1||5_partial_1 1-30443/59730	CP019687.1||5_partial_1	lytic	low quality draft
LZGU01000065.1||full_1 29434-65423/65423	LZGU01000065.1||full_1	lysogenic	medium quality draft
LAWY01000015.1||full_1 37930-60910/74498	LAWY01000015.1||full_1	lytic	low quality draft
CP006603.1||0_partial_1 1-44075/100972	CP006603.1||0_partial_1	lysogenic	high quality draft
LZGH01000009.1||0_partial_1 1-30155/52734	LZGH01000009.1||0_partial_1	lysogenic	medium quality draft
ADZY03000135.1||full	ADZY03000135.1||full	lytic	low quality draft
CP019794.1||0_partial_1 1-56520/137295	CP019794.1||0_partial_1	lysogenic	high quality draft
MDVE01000007.1||full	MDVE01000007.1||full	lytic	low quality draft
WNIM01000015.1||full	WNIM01000015.1||full	lysogenic	medium quality draft
CP014348.1||0_partial_1 9884-32159/77241	CP014348.1||0_partial_1	lysogenic	high quality draft
CP019655.1||1_partial_1 1-47982/199490	CP019655.1||1_partial_1	lytic	high quality draft
JFZW01000002.1||0_partial_1 2894-27793/27793	JFZW01000002.1||0_partial_1	lytic	low quality draft
MZNE01000088.1||full	MZNE01000088.1||full	lytic	low quality draft
MEIK01000002.1||full	MEIK01000002.1||full	lysogenic	medium quality draft
CP046393.1||0_partial_1 7518-38243/81611	CP046393.1||0_partial_1	lytic	low quality draft
MZNF01000033.1||full_1 4970-33491/33491	MZNF01000033.1||full_1	lysogenic	low quality draft
NARQ01000060.1||full	NARQ01000060.1||full	lytic	low quality draft
BDDX01000001.1||0_partial_1 1-40706/97501	BDDX01000001.1||0_partial_1	lytic	high quality draft
CP025268.1||0_partial_1 15592-28972/69399	CP025268.1||0_partial_1	lytic	medium quality draft
QGLH01000003.1||0_partial_1 1-46614/109400	QGLH01000003.1||0_partial_1	lysogenic	medium quality draft
JAIL01000246.1||full	JAIL01000246.1||full	lysogenic	medium quality draft
NASG01000031.1||full_1 2596-23798/23798	NASG01000031.1||full_1	lytic	medium quality draft
KQ440388.1||0_partial_1 1-49369/98354	KQ440388.1||0_partial_1	lysogenic	high quality draft
AZDD01000059.1||full	AZDD01000059.1||full	lytic	low quality draft
LZGX01000009.1||full	LZGX01000009.1||full	lytic	low quality draft
MEIO01000028.1||full_1 54902-91750/91750	MEIO01000028.1||full_1	lytic	medium quality draft
CP051129.1||2_partial_1 2427-16391/28417	CP051129.1||2_partial_1	lysogenic	medium quality draft
NAHB01000052.1||0_partial_1 4143-21749/21749	NAHB01000052.1||0_partial_1	lytic	low quality draft
CP019717.1||4_partial_1 6788-45937/91671	CP019717.1||4_partial_1	lytic	high quality draft
LZGJ01000030.1||0_partial_1 10153-30904/43583	LZGJ01000030.1||0_partial_1	lysogenic	low quality draft
NAHP01000036.1||full	NAHP01000036.1||full	lytic	low quality draft
ADZY03000319.1||full_1 9594-28709/28709	ADZY03000319.1||full_1	lytic	low quality draft
CP033087.1||2_partial_1 12050-23073/23073	CP033087.1||2_partial_1	lytic	low quality draft
CP030089.1||2_partial_1 6545-46288/76401	CP030089.1||2_partial_1	lysogenic	medium quality draft
NAGZ01000057.1||full	NAGZ01000057.1||full	lytic	low quality draft
NAHF01000117.1||full_1 55924-88691/88691	NAHF01000117.1||full_1	lytic	medium quality draft
LZHJ01000151.1||full	LZHJ01000151.1||full	lysogenic	high quality draft
CH981409.1||full	CH981409.1||full	lytic	low quality draft
CP029613.1||0_partial_1 1-82663/149003	CP029613.1||0_partial_1	lysogenic	high quality draft
NAHH01000052.1||full_1 44869-80451/80451	NAHH01000052.1||full_1	lytic	low quality draft
AARF01000042.1||full	AARF01000042.1||full	lytic	low quality draft
CP045049.1||0_partial_1 1-43754/66137	CP045049.1||0_partial_1	lysogenic	low quality draft
NASK01000096.1||full_1 15783-49382/80088	NASK01000096.1||full_1	lysogenic	medium quality draft
CH981502.1||full	CH981502.1||full	lytic	low quality draft
CP041676.1||0_partial_1 1301-49408/110856	CP041676.1||0_partial_1	lytic	high quality draft
NAHP01000076.1||full_1 71174-108168/140070	NAHP01000076.1||full_1	lysogenic	medium quality draft
LZGJ01000021.1||full_1 56329-114308/152501	LZGJ01000021.1||full_1	lysogenic	medium quality draft
AP021885.1||1_partial_1 3243-23654/43289	AP021885.1||1_partial_1	lytic	low quality draft
CP019655.1||0_partial_1 1-43927/518260	CP019655.1||0_partial_1	lytic	high quality draft
NASK01000078.1||full_1 18466-32981/32981	NASK01000078.1||full_1	lytic	low quality draft
JSBA01000005.1||0_partial_1 4300-24711/38528	JSBA01000005.1||0_partial_1	lytic	low quality draft
NAHI01000012.1||full	NAHI01000012.1||full	lytic	low quality draft
CP007446.1||2_partial_1 1-27082/82788	CP007446.1||2_partial_1	lytic	low quality draft
JSAY01000004.1||0_partial_1 1-34480/67599	JSAY01000004.1||0_partial_1	lytic	high quality draft
NARP01000033.1||full_1 4970-33491/33491	NARP01000033.1||full_1	lysogenic	low quality draft
LZHR01000012.1||full_1 2621-26790/26790	LZHR01000012.1||full_1	lytic	low quality draft
LZGT01000041.1||0_partial_1 6980-24636/39807	LZGT01000041.1||0_partial_1	lytic	low quality draft
CP014348.1||4_partial_1 3838-17519/27266	CP014348.1||4_partial_1	lysogenic	medium quality draft
CP020327.1||0_partial_2 228973-271260/385080	CP020327.1||0_partial_2	lysogenic	high quality draft
CP009056.1||0_partial_1 1-25573/67729	CP009056.1||0_partial_1	lytic	high quality draft
NAHM01000052.1||full_1 1-9499/42379	NAHM01000052.1||full_1	lytic	low quality draft
NARW01000033.1||full_1 1-8623/28563	NARW01000033.1||full_1	lytic	low quality draft
JAIL01000199.1||full	JAIL01000199.1||full	lysogenic	low quality draft
VMHM01000015.1||full_1 1-38707/95991	VMHM01000015.1||full_1	lysogenic	medium quality draft
NARX01000222.1||full	NARX01000222.1||full	lytic	low quality draft
AP007281.1||0_partial_1 1-44395/87668	AP007281.1||0_partial_1	lytic	low quality draft
VMHL01000006.1||0_partial_1 1-38335/66214	VMHL01000006.1||0_partial_1	lysogenic	medium quality draft
CP027805.1||0_partial_1 1-19381/50139	CP027805.1||0_partial_1	lytic	high quality draft
NARR01000021.1||full_1 19456-47199/47199	NARR01000021.1||full_1	lysogenic	medium quality draft
MEIS01000110.1||full_2 51473-62410/62410	MEIS01000110.1||full_2	lytic	low quality draft
ADZY03000078.1||full	ADZY03000078.1||full	lytic	low quality draft
CP019794.1||1_partial_1 3074-64153/148542	CP019794.1||1_partial_1	lysogenic	high quality draft
AGFR01000005.1||full_1 1-32626/56385	AGFR01000005.1||full_1	lytic	high quality draft
CP035790.1||3_partial_1 1-15242/24536	CP035790.1||3_partial_1	lytic	low quality draft
CP012920.1||0_partial_1 6280-62193/117185	CP012920.1||0_partial_1	lysogenic	high quality draft
QGLO01000004.1||0_partial_1 1-54549/119397	QGLO01000004.1||0_partial_1	lysogenic	high quality draft
NARZ01000080.1||full_1 96518-143460/165681	NARZ01000080.1||full_1	lytic	high quality draft
LXYU01000005.1||full	LXYU01000005.1||full	lytic	low quality draft
LZGO01000035.1||full	LZGO01000035.1||full	lytic	low quality draft
MDUY01000016.1||full	MDUY01000016.1||full	lytic	low quality draft
LZHG01000002.1||full	LZHG01000002.1||full	lytic	low quality draft
NAGW01000077.1||full_1 4198-55211/55211	NAGW01000077.1||full_1	lytic	medium quality draft
ADZY03000185.1||full	ADZY03000185.1||full	lytic	low quality draft
MEIT01000100.1||full_1 1-22504/51676	MEIT01000100.1||full_1	lytic	medium quality draft
ADZY03000159.1||full	ADZY03000159.1||full	lytic	low quality draft
NASE01000025.1||full_1 1-21193/34547	NASE01000025.1||full_1	lytic	medium quality draft
NAHU01000086.1||full	NAHU01000086.1||full	lytic	low quality draft
LZHD01000047.1||full_1 25007-71901/71901	LZHD01000047.1||full_1	lysogenic	medium quality draft
NAHQ01000028.1||full	NAHQ01000028.1||full	lytic	low quality draft
AVQL01000428.1||full_1 1-5011/20887	AVQL01000428.1||full_1	lytic	low quality draft
JFZW01000013.1||full_1 21040-29265/29265	JFZW01000013.1||full_1	lytic	low quality draft
LZGV01000095.1||0_partial_1 11667-45624/79961	LZGV01000095.1||0_partial_1	lytic	high quality draft
MCIU01000036.1||full	MCIU01000036.1||full	lytic	low quality draft
VMHL01000001.1||1_partial_1 6614-32326/70629	VMHL01000001.1||1_partial_1	lytic	medium quality draft
NARX01000016.1||full	NARX01000016.1||full	lytic	medium quality draft
MDVH01000014.1||full	MDVH01000014.1||full	lytic	low quality draft
LZHF01000068.1||0_partial_1 1-31644/36179	LZHF01000068.1||0_partial_1	lysogenic	low quality draft
LZHN01000010.1||full	LZHN01000010.1||full	lysogenic	medium quality draft
ADZY03000249.1||full	ADZY03000249.1||full	lytic	low quality draft
JSBC01000005.1||0_partial_1 3243-23654/43289	JSBC01000005.1||0_partial_1	lytic	low quality draft
NASC01000089.1||full_1 6927-10413/10413	NASC01000089.1||full_1	lytic	low quality draft
CP019655.1||0_partial_3 317551-359839/518260	CP019655.1||0_partial_3	lysogenic	high quality draft
NASC01000057.1||full	NASC01000057.1||full	lytic	low quality draft
LZHP01000045.1||full_1 11167-62829/69932	LZHP01000045.1||full_1	lysogenic	high quality draft
LZHH01000031.1||full	LZHH01000031.1||full	lytic	low quality draft
LN906635.1||full	LN906635.1||full	lysogenic	medium quality draft
ADZY03000229.1||full	ADZY03000229.1||full	lytic	low quality draft
ADZY03000040.1||full	ADZY03000040.1||full	lytic	low quality draft
LZGZ01000327.1||full	LZGZ01000327.1||full	lytic	low quality draft
MDVD01000057.1||full_1 53622-87568/87568	MDVD01000057.1||full_1	lytic	medium quality draft
WNIG01000015.1||full	WNIG01000015.1||full	lytic	medium quality draft
ADZY03000104.1||full	ADZY03000104.1||full	lytic	low quality draft
AZDD01000033.1||full	AZDD01000033.1||full	lytic	low quality draft
CP019651.1||4_partial_1 8126-45851/112568	CP019651.1||4_partial_1	lysogenic	high quality draft
AGFR01000007.1||0_partial_1 1-44967/83505	AGFR01000007.1||0_partial_1	lytic	low quality draft
JAIO01000009.1||0_partial_1 1-6731/25895	JAIO01000009.1||0_partial_1	lytic	low quality draft
NARW01000044.1||full	NARW01000044.1||full	lysogenic	low quality draft
MEIN01000004.1||0_partial_1 1-28636/86675	MEIN01000004.1||0_partial_1	lytic	low quality draft
ADZY03000162.1||full	ADZY03000162.1||full	lytic	low quality draft
CP007445.1||1_partial_1 6709-27470/35284	CP007445.1||1_partial_1	lysogenic	low quality draft
LZGW01000032.1||0_partial_1 1-28909/84294	LZGW01000032.1||0_partial_1	lysogenic	low quality draft
NAHB01000047.1||full_1 1-37989/74102	NAHB01000047.1||full_1	lytic	low quality draft
AP007281.1||2_partial_1 7491-20267/33373	AP007281.1||2_partial_1	lytic	low quality draft
MEIT01000087.1||0_partial_1 1-36993/81035	MEIT01000087.1||0_partial_1	lytic	medium quality draft
ADZY03000165.1||full_1 1-4231/5982	ADZY03000165.1||full_1	lysogenic	low quality draft
LZHJ01000108.1||full_1 1-22296/35134	LZHJ01000108.1||full_1	lytic	low quality draft
LZGN01000004.1||full	LZGN01000004.1||full	lytic	low quality draft
CP020557.1||4_partial_1 1-48855/161003	CP020557.1||4_partial_1	lysogenic	high quality draft
ADFW01000001.1||3_partial_1 1-41619/121403	ADFW01000001.1||3_partial_1	lysogenic	high quality draft
MEIS01000117.1||full_1 51955-75456/75456	MEIS01000117.1||full_1	lysogenic	high quality draft
KQ033871.1||0_partial_1 1-41033/139814	KQ033871.1||0_partial_1	lysogenic	medium quality draft
NASM01000113.1||full	NASM01000113.1||full	lytic	low quality draft
NAHE01000027.1||full	NAHE01000027.1||full	lytic	low quality draft
NAHA01000064.1||full	NAHA01000064.1||full	lytic	low quality draft
MEIN01000006.1||0_partial_1 8347-50806/134693	MEIN01000006.1||0_partial_1	lytic	medium quality draft
CH981397.1||full	CH981397.1||full	lytic	low quality draft
NARZ01000046.1||full	NARZ01000046.1||full	lysogenic	low quality draft
QGLT01000007.1||full_1 1-4525/26305	QGLT01000007.1||full_1	lytic	low quality draft
JAIN01000001.1||0_partial	JAIN01000001.1||0_partial	lysogenic	low quality draft
MZNG01000103.1||full	MZNG01000103.1||full	lytic	low quality draft
MZNH01000138.1||full	MZNH01000138.1||full	lysogenic	low quality draft
LZHN01000026.1||full	LZHN01000026.1||full	lytic	low quality draft
CP019651.1||3_partial_1 1-39043/138789	CP019651.1||3_partial_1	lytic	high quality draft
MEIS01000098.1||full	MEIS01000098.1||full	lytic	low quality draft
WNIL01000002.1||full_1 1-5702/27701	WNIL01000002.1||full_1	lytic	low quality draft
CH981398.1||0_partial_1 5030-23678/23678	CH981398.1||0_partial_1	lysogenic	low quality draft
AZBY01000020.1||0_partial	AZBY01000020.1||0_partial	lysogenic	low quality draft
CP019655.1||4_partial_1 1-21257/60845	CP019655.1||4_partial_1	lytic	low quality draft
JSAW01000003.1||0_partial_1 4300-24711/38528	JSAW01000003.1||0_partial_1	lytic	low quality draft
LZHG01000033.1||full_1 1-40306/159375	LZHG01000033.1||full_1	lysogenic	high quality draft
LZGL01000013.1||0_partial_1 1-18091/29989	LZGL01000013.1||0_partial_1	lytic	low quality draft
NARU01000018.1||full_1 1-21700/24846	NARU01000018.1||full_1	lytic	low quality draft
MDVJ01000004.1||full	MDVJ01000004.1||full	lysogenic	low quality draft
MDVH01000017.1||full	MDVH01000017.1||full	lytic	low quality draft
ADFW01000003.1||full_2 81899-86281/86281	ADFW01000003.1||full_2	lytic	low quality draft
MEIO01000063.1||full	MEIO01000063.1||full	lytic	high quality draft
ADZY03000285.1||full	ADZY03000285.1||full	lytic	low quality draft
NAHJ01000054.1||full	NAHJ01000054.1||full	lysogenic	medium quality draft
NAHL01000055.1||full	NAHL01000055.1||full	lytic	low quality draft
MDUZ01000113.1||full	MDUZ01000113.1||full	lytic	low quality draft
LZHE01000079.1||full	LZHE01000079.1||full	lysogenic	low quality draft
NAHL01000098.1||full_1 38479-73316/82077	NAHL01000098.1||full_1	lysogenic	medium quality draft
QGLK01000002.1||full	QGLK01000002.1||full	lytic	low quality draft
WNIE01000006.1||0_partial_1 2919-28266/28266	WNIE01000006.1||0_partial_1	lysogenic	low quality draft
LAWY01000091.1||full	LAWY01000091.1||full	lytic	low quality draft
ADZY03000211.1||full_1 5487-11949/11949	ADZY03000211.1||full_1	lysogenic	low quality draft
LZGR01000073.1||0_partial_1 6461-40155/76907	LZGR01000073.1||0_partial_1	lysogenic	medium quality draft
MDVJ01000001.1||0_partial_1 1-16982/60495	MDVJ01000001.1||0_partial_1	lytic	low quality draft
KQ033883.1||full	KQ033883.1||full	lytic	low quality draft
LZHP01000013.1||full_1 1-30279/102956	LZHP01000013.1||full_1	lytic	medium quality draft
LZGV01000097.1||full_1 16717-44621/61991	LZGV01000097.1||full_1	lytic	high quality draft
MDVC01000011.1||full	MDVC01000011.1||full	lytic	low quality draft
LZGN01000037.1||0_partial_1 1-15026/30488	LZGN01000037.1||0_partial_1	lytic	low quality draft
MEIS01000118.1||full_1 1-21801/120496	MEIS01000118.1||full_1	lysogenic	medium quality draft
CP025268.1||2_partial_1 1-13373/43333	CP025268.1||2_partial_1	lysogenic	low quality draft
NARZ01000054.1||full_1 1-8623/28143	NARZ01000054.1||full_1	lytic	low quality draft
CP014225.1||2_partial_1 1-11705/41337	CP014225.1||2_partial_1	lysogenic	low quality draft
JSAX01000006.1||0_partial_1 3243-23654/43289	JSAX01000006.1||0_partial_1	lytic	low quality draft
AARF01000349.1||full	AARF01000349.1||full	lytic	low quality draft
MEIR01000077.1||full_1 51759-82427/82427	MEIR01000077.1||full_1	lytic	medium quality draft
WNIG01000002.1||full_1 1-6251/28292	WNIG01000002.1||full_1	lytic	low quality draft
JOPB01000014.1||full	JOPB01000014.1||full	lytic	low quality draft
MDVF01000023.1||full_1 1-18653/46673	MDVF01000023.1||full_1	lytic	high quality draft
NART01000106.1||full	NART01000106.1||full	lysogenic	low quality draft
MDVH01000019.1||full	MDVH01000019.1||full	lytic	low quality draft
CP019718.1||full	CP019718.1||full	lytic	high quality draft
LZGN01000003.1||0_partial_1 5237-19678/30460	LZGN01000003.1||0_partial_1	lytic	low quality draft
QICT01000012.1||0_partial_1 1-18965/30968	QICT01000012.1||0_partial_1	lysogenic	low quality draft
WNIF01000002.1||0_partial	WNIF01000002.1||0_partial	lytic	low quality draft
NAHJ01000056.1||0_partial_1 10205-24613/24613	NAHJ01000056.1||0_partial_1	lytic	low quality draft
MDUY01000052.1||0_partial_1 1-21836/70535	MDUY01000052.1||0_partial_1	lytic	low quality draft
NARP01000053.1||full	NARP01000053.1||full	lysogenic	low quality draft
MDVG01000049.1||full	MDVG01000049.1||full	lytic	high quality draft
MDVF01000003.1||full_1 34343-66966/66966	MDVF01000003.1||full_1	lytic	medium quality draft
WNIJ01000001.1||0_partial_1 5871-44582/121874	WNIJ01000001.1||0_partial_1	lysogenic	medium quality draft
LAWY01000041.1||full_1 18515-38721/38721	LAWY01000041.1||full_1	lytic	low quality draft
NAHQ01000122.1||0_partial_1 1-14857/41389	NAHQ01000122.1||0_partial_1	lytic	low quality draft
CP019651.1||0_partial_1 5431-54820/172465	CP019651.1||0_partial_1	lysogenic	high quality draft
NART01000007.1||full_1 52250-74132/74132	NART01000007.1||full_1	lytic	low quality draft
MDVA01000056.1||0_partial_1 1-22114/33683	MDVA01000056.1||0_partial_1	lysogenic	medium quality draft
LZGX01000052.1||full	LZGX01000052.1||full	lytic	low quality draft
NARV01000043.1||full_1 1-10716/22422	NARV01000043.1||full_1	lytic	low quality draft
CP012868.1||0_partial_1 13784-32649/81545	CP012868.1||0_partial_1	lysogenic	high quality draft
NARP01000001.1||0_partial_1 1-21700/32764	NARP01000001.1||0_partial_1	lytic	low quality draft
QGLH01000002.1||full	QGLH01000002.1||full	lytic	low quality draft
CP029615.1||0_partial_1 1-25378/50329	CP029615.1||0_partial_1	lytic	low quality draft
MDVE01000063.1||0_partial_1 20348-44476/67693	MDVE01000063.1||0_partial_1	lysogenic	high quality draft
NAGY01000016.1||full	NAGY01000016.1||full	lysogenic	low quality draft
JAAEDZ010000007.1||full	JAAEDZ010000007.1||full	lytic	medium quality draft
LZGZ01000169.1||full	LZGZ01000169.1||full	lysogenic	low quality draft
LZHF01000002.1||full	LZHF01000002.1||full	lytic	low quality draft
NAHD01000016.1||full	NAHD01000016.1||full	lysogenic	low quality draft
MDVC01000003.1||full_1 22409-47741/47741	MDVC01000003.1||full_1	lytic	high quality draft
QGLT01000004.1||0_partial_1 9854-31677/31677	QGLT01000004.1||0_partial_1	lytic	low quality draft
LZHE01000011.1||full	LZHE01000011.1||full	lytic	low quality draft
WHNS01000008.1||full	WHNS01000008.1||full	lytic	high quality draft
MDVD01000003.1||full_1 1-45072/51275	MDVD01000003.1||full_1	lysogenic	medium quality draft
NASB01000047.1||full	NASB01000047.1||full	lysogenic	medium quality draft
LZHM01000027.1||full_1 1-24624/62221	LZHM01000027.1||full_1	lytic	low quality draft
CP006011.1||0_partial_1 1-16927/43165	CP006011.1||0_partial_1	lysogenic	low quality draft
NAHD01000043.1||full	NAHD01000043.1||full	lysogenic	medium quality draft
CP035790.1||1_partial	CP035790.1||1_partial	lytic	low quality draft
ADZY03000242.1||full	ADZY03000242.1||full	lytic	low quality draft
LZHB01000040.1||full_1 4713-58579/58579	LZHB01000040.1||full_1	lysogenic	high quality draft
NAGY01000012.1||full	NAGY01000012.1||full	lytic	low quality draft
MEIX01000067.1||full	MEIX01000067.1||full	lytic	low quality draft
LZGZ01000261.1||full	LZGZ01000261.1||full	lytic	low quality draft
NAHX01000108.1||full	NAHX01000108.1||full	lytic	low quality draft
CP012868.1||4_partial_1 3838-17519/27266	CP012868.1||4_partial_1	lysogenic	medium quality draft
LZGV01000045.1||full_1 11302-40495/40495	LZGV01000045.1||full_1	lysogenic	medium quality draft
QUBN01000015.1||0_partial	QUBN01000015.1||0_partial	lysogenic	low quality draft
JAIM01000015.1||full_1 18620-26363/26363	JAIM01000015.1||full_1	lytic	low quality draft
AP018492.1||0_partial_1 1-19834/39795	AP018492.1||0_partial_1	lytic	low quality draft
MDVI01000042.1||0_partial_1 1-3058/26495	MDVI01000042.1||0_partial_1	lytic	low quality draft
LZHE01000151.1||full	LZHE01000151.1||full	lytic	low quality draft
LZHL01000024.1||0_partial_1 1-11797/26258	LZHL01000024.1||0_partial_1	lytic	low quality draft
CP047652.1||0_partial_1 1-37067/56539	CP047652.1||0_partial_1	lytic	medium quality draft
LZGO01000041.1||full	LZGO01000041.1||full	lytic	low quality draft
NARX01000099.1||full	NARX01000099.1||full	lysogenic	low quality draft
NAHH01000050.1||0_partial_1 1-15917/42370	NAHH01000050.1||0_partial_1	lytic	low quality draft
MDUZ01000093.1||full	MDUZ01000093.1||full	lytic	low quality draft
LAWY01000081.1||full	LAWY01000081.1||full	lytic	low quality draft
LAWY01000049.1||full_1 1-25515/27401	LAWY01000049.1||full_1	lysogenic	low quality draft
LAWY01000036.1||full_1 3973-41698/48494	LAWY01000036.1||full_1	lysogenic	high quality draft
U00096.3||2_partial_1 1-12707/42669	U00096.3||2_partial_1	lysogenic	low quality draft
NARO01000048.1||full	NARO01000048.1||full	lysogenic	low quality draft
ADFW01000006.1||full	ADFW01000006.1||full	lytic	medium quality draft
CP019687.1||2_partial_1 3036-47145/116924	CP019687.1||2_partial_1	lytic	high quality draft
CH981432.1||full	CH981432.1||full	lytic	low quality draft
LZHR01000049.1||full	LZHR01000049.1||full	lytic	low quality draft
CP019717.1||5_partial_1 1-24386/60565	CP019717.1||5_partial_1	lytic	low quality draft
NAGW01000084.1||full_1 51437-69390/69390	NAGW01000084.1||full_1	lytic	low quality draft
LZGT01000094.1||0_partial_1 4456-19503/30953	LZGT01000094.1||0_partial_1	lysogenic	low quality draft
LZGM01000015.1||0_partial	LZGM01000015.1||0_partial	lytic	medium quality draft
LZGO01000083.1||full_1 4215-47945/146064	LZGO01000083.1||full_1	lytic	medium quality draft
ATSX01000012.1||full	ATSX01000012.1||full	lysogenic	low quality draft
LZGP01000032.1||full_1 17125-26624/26624	LZGP01000032.1||full_1	lysogenic	low quality draft
NAHB01000016.1||full	NAHB01000016.1||full	lytic	low quality draft
NAHF01000032.1||full	NAHF01000032.1||full	lytic	low quality draft
AGFR01000018.1||full	AGFR01000018.1||full	lytic	high quality draft
JSBD01000007.1||0_partial_1 3243-23654/43289	JSBD01000007.1||0_partial_1	lytic	low quality draft
NARS01000225.1||full	NARS01000225.1||full	lytic	low quality draft
MDVE01000026.1||full	MDVE01000026.1||full	lytic	low quality draft
NARN01000002.1||0_partial_1 8930-57205/86690	NARN01000002.1||0_partial_1	lysogenic	high quality draft
CP019717.1||1_partial_1 1-59853/320585	CP019717.1||1_partial_1	lysogenic	high quality draft
ADZY03000182.1||full	ADZY03000182.1||full	lytic	low quality draft
JFZV01000019.1||full_1 1-15410/17088	JFZV01000019.1||full_1	lytic	low quality draft
VCSE01000002.1||0_partial_1 10264-48984/72529	VCSE01000002.1||0_partial_1	lytic	high quality draft
ADZY03000221.1||full	ADZY03000221.1||full	lytic	low quality draft
NASB01000025.1||0_partial_1 1-8373/17983	NASB01000025.1||0_partial_1	lytic	low quality draft
CP019652.1||3_partial_1 3662-12946/12946	CP019652.1||3_partial_1	lysogenic	low quality draft
LZGZ01000198.1||full	LZGZ01000198.1||full	lytic	high quality draft
LZGJ01000046.1||full	LZGJ01000046.1||full	lysogenic	medium quality draft
MEIL01000029.1||0_partial_1 1-54034/142913	MEIL01000029.1||0_partial_1	lysogenic	high quality draft
LAWY01000089.1||full	LAWY01000089.1||full	lytic	low quality draft
LZHA01000064.1||full	LZHA01000064.1||full	lytic	low quality draft
WHNS01000003.1||0_partial_1 1-27634/66409	WHNS01000003.1||0_partial_1	lytic	low quality draft
NARW01000003.1||full_1 63989-112675/121616	NARW01000003.1||full_1	lysogenic	high quality draft
LZHG01000046.1||0_partial_1 1-6132/8599	LZHG01000046.1||0_partial_1	lytic	low quality draft
CP011024.1||1_partial_1 7491-20267/33372	CP011024.1||1_partial_1	lytic	low quality draft
NXEN01000063.1||0_partial_1 1-8065/35848	NXEN01000063.1||0_partial_1	lysogenic	low quality draft
WNIG01000008.1||full_1 34805-55675/55675	WNIG01000008.1||full_1	lytic	low quality draft
LZHN01000020.1||full_1 1-33799/58318	LZHN01000020.1||full_1	lysogenic	medium quality draft
WNIL01000018.1||full	WNIL01000018.1||full	lytic	low quality draft
JSBD01000005.1||0_partial_1 1-34479/67598	JSBD01000005.1||0_partial_1	lytic	high quality draft
LZGZ01000277.1||full	LZGZ01000277.1||full	lytic	low quality draft
ADZY03000150.1||full	ADZY03000150.1||full	lytic	low quality draft
MEIO01000031.1||full	MEIO01000031.1||full	lytic	high quality draft
JAIK01000388.1||full	JAIK01000388.1||full	lytic	medium quality draft
LZHQ01000008.1||full_1 26913-76831/76831	LZHQ01000008.1||full_1	lytic	high quality draft
CP020557.1||3_partial_1 2183-66172/172674	CP020557.1||3_partial_1	lysogenic	high quality draft
NAHC01000040.1||full	NAHC01000040.1||full	lytic	low quality draft
LZHN01000049.1||full	LZHN01000049.1||full	lytic	medium quality draft
MEIS01000083.1||full	MEIS01000083.1||full	lytic	low quality draft
LZGU01000122.1||full	LZGU01000122.1||full	lytic	low quality draft
CP003355.1||1_partial_1 7864-37595/62525	CP003355.1||1_partial_1	lysogenic	medium quality draft
ATSX01000001.1||0_partial_1 1-40828/100307	ATSX01000001.1||0_partial_1	lytic	low quality draft
NARV01000062.1||full	NARV01000062.1||full	lysogenic	low quality draft
NARU01000137.1||full	NARU01000137.1||full	lysogenic	low quality draft
NAHH01000013.1||full	NAHH01000013.1||full	lytic	low quality draft
NASU01000020.1||full_1 1-28791/48336	NASU01000020.1||full_1	lysogenic	medium quality draft
JFZW01000003.1||0_partial_1 16755-50557/101689	JFZW01000003.1||0_partial_1	lytic	high quality draft
NASS01000005.1||0_partial_1 6482-30665/70174	NASS01000005.1||0_partial_1	lysogenic	medium quality draft
LAWY01000021.1||full_1 1-16326/74444	LAWY01000021.1||full_1	lytic	medium quality draft
MEIP01000018.1||0_partial_1 1-26472/54947	MEIP01000018.1||0_partial_1	lytic	medium quality draft
CP019717.1||0_partial_1 1-44394/562029	CP019717.1||0_partial_1	lysogenic	high quality draft
LZHO01000036.1||full	LZHO01000036.1||full	lytic	low quality draft
LZHA01000009.1||full_1 57313-76702/76702	LZHA01000009.1||full_1	lytic	low quality draft
LZGT01000079.1||full_1 5483-32606/32606	LZGT01000079.1||full_1	lytic	high quality draft
CP012868.1||2_partial_1 6652-15500/46479	CP012868.1||2_partial_1	lytic	low quality draft
CP007446.1||1_partial_1 1-33113/123231	CP007446.1||1_partial_1	lytic	low quality draft
MEIS01000055.1||full_1 14755-47950/47950	MEIS01000055.1||full_1	lytic	medium quality draft
WNIJ01000001.1||1_partial_1 9285-37935/68526	WNIJ01000001.1||1_partial_1	lytic	low quality draft
LZHM01000047.1||full	LZHM01000047.1||full	lytic	medium quality draft
CP019717.1||6_partial_1 1-26145/52143	CP019717.1||6_partial_1	lytic	low quality draft
VMHM01000011.1||0_partial_1 1-31530/60251	VMHM01000011.1||0_partial_1	lysogenic	medium quality draft
NARP01000024.1||full_1 1-27183/53128	NARP01000024.1||full_1	lytic	low quality draft
MZNF01000106.1||full_1 1-1802/2504	MZNF01000106.1||full_1	lytic	low quality draft
CH981474.1||full_1 1-16326/21913	CH981474.1||full_1	lytic	medium quality draft
VMHM01000003.1||0_partial_1 3593-17931/26972	VMHM01000003.1||0_partial_1	lysogenic	low quality draft
CP002844.1||1_partial_1 6891-49819/114810	CP002844.1||1_partial_1	lytic	high quality draft
LZHM01000011.1||full	LZHM01000011.1||full	lytic	low quality draft
LXYS01000002.1||0_partial_1 1-31993/49229	LXYS01000002.1||0_partial_1	lytic	low quality draft
LZHB01000075.1||full_1 20538-55627/55627	LZHB01000075.1||full_1	lytic	medium quality draft
CP019655.1||3_partial_1 3074-47659/132106	CP019655.1||3_partial_1	lysogenic	high quality draft
CP019659.1||0_partial_1 1652-43754/160383	CP019659.1||0_partial_1	lysogenic	high quality draft
NARP01000006.1||0_partial_1 1-20307/58592	NARP01000006.1||0_partial_1	lysogenic	medium quality draft
MCIU01000040.1||0_partial_1 1-21198/46449	MCIU01000040.1||0_partial_1	lytic	medium quality draft
JAAEEB010000013.1||full	JAAEEB010000013.1||full	lysogenic	medium quality draft
WNII01000007.1||0_partial_1 10981-31651/31651	WNII01000007.1||0_partial_1	lytic	low quality draft
CP029615.1||1_partial_1 3606-21059/21059	CP029615.1||1_partial_1	lytic	medium quality draft
AARF01000123.1||full	AARF01000123.1||full	lytic	medium quality draft
JOPB01000018.1||full	JOPB01000018.1||full	lysogenic	high quality draft
NAHA01000025.1||full	NAHA01000025.1||full	lysogenic	low quality draft
LXYU01000003.1||0_partial_1 1-30957/40771	LXYU01000003.1||0_partial_1	lytic	low quality draft
ADZY03000262.1||full	ADZY03000262.1||full	lytic	low quality draft
ADZY03000216.1||full	ADZY03000216.1||full	lytic	low quality draft
LZGP01000031.1||full_1 1-22924/88895	LZGP01000031.1||full_1	lysogenic	medium quality draft
AARF01000085.1||full	AARF01000085.1||full	lytic	low quality draft
MDVD01000002.1||full_1 3022-34911/53716	MDVD01000002.1||full_1	lytic	high quality draft
WNID01000008.1||0_partial_1 2919-21475/21475	WNID01000008.1||0_partial_1	lysogenic	low quality draft
MEIT01000065.1||full	MEIT01000065.1||full	lytic	low quality draft
LZHP01000005.1||full	LZHP01000005.1||full	lytic	high quality draft
LZHR01000050.1||0_partial_1 1-7044/26487	LZHR01000050.1||0_partial_1	lytic	low quality draft
NAHN01000019.1||full	NAHN01000019.1||full	lytic	low quality draft
NAHW01000044.1||full	NAHW01000044.1||full	lysogenic	low quality draft
MEIR01000080.1||0_partial_1 1-41764/71244	MEIR01000080.1||0_partial_1	lysogenic	high quality draft
NAHS01000123.1||full	NAHS01000123.1||full	lytic	low quality draft
CP020557.1||1_partial_1 9811-63813/168646	CP020557.1||1_partial_1	lysogenic	high quality draft
NARU01000012.1||full	NARU01000012.1||full	lytic	medium quality draft
QGLJ01000003.1||full	QGLJ01000003.1||full	lytic	low quality draft
NAHR01000040.1||full_1 1-9317/22433	NAHR01000040.1||full_1	lytic	low quality draft
CP006683.1||1_partial_1 3243-23654/43289	CP006683.1||1_partial_1	lytic	low quality draft
ADZY03000320.1||full	ADZY03000320.1||full	lytic	low quality draft
NARN01000030.1||full_1 14086-30630/30630	NARN01000030.1||full_1	lysogenic	low quality draft
MDVE01000005.1||full	MDVE01000005.1||full	lytic	low quality draft
LZHC01000031.1||full	LZHC01000031.1||full	lytic	low quality draft
AARF01000119.1||full	AARF01000119.1||full	lytic	low quality draft
CH981488.1||full_1 28386-30627/30627	CH981488.1||full_1	lytic	low quality draft
LZGM01000070.1||full_1 1-27633/126197	LZGM01000070.1||full_1	lysogenic	medium quality draft
MDVE01000006.1||full	MDVE01000006.1||full	lytic	low quality draft
MEIX01000091.1||full_1 76926-106538/106538	MEIX01000091.1||full_1	lytic	low quality draft
LZHE01000134.1||full	LZHE01000134.1||full	lysogenic	low quality draft
LZHK01000021.1||full	LZHK01000021.1||full	lysogenic	high quality draft
QGLO01000004.1||1_partial_1 10830-34764/57892	QGLO01000004.1||1_partial_1	lysogenic	medium quality draft
CP019659.1||4_partial_1 1-22523/72132	CP019659.1||4_partial_1	lytic	low quality draft
CP020557.1||7_partial_1 1-25258/56291	CP020557.1||7_partial_1	lytic	low quality draft
ADZY03000130.1||full	ADZY03000130.1||full	lytic	low quality draft
WNIL01000007.1||full_1 31573-53651/53651	WNIL01000007.1||full_1	lytic	low quality draft
JSBE01000006.1||0_partial_1 1-21279/35096	JSBE01000006.1||0_partial_1	lytic	low quality draft
JDUF01000005.1||0_partial_1 1-17695/23912	JDUF01000005.1||0_partial_1	lytic	medium quality draft
LZGY01000097.1||full	LZGY01000097.1||full	lytic	low quality draft
MDUZ01000051.1||0_partial_1 1-16937/24828	MDUZ01000051.1||0_partial_1	lysogenic	low quality draft
ADFW01000001.1||6_partial_1 1-30581/59878	ADFW01000001.1||6_partial_1	lytic	low quality draft
ADFW01000001.1||2_partial_1 1-57086/123242	ADFW01000001.1||2_partial_1	lytic	high quality draft
CP003355.1||3_partial_1 3662-12946/12946	CP003355.1||3_partial_1	lysogenic	low quality draft
MZNE01000097.1||full	MZNE01000097.1||full	lysogenic	low quality draft
LZGX01000107.1||full_1 1-21710/33333	LZGX01000107.1||full_1	lytic	high quality draft
LZGW01000001.1||0_partial_1 9109-39349/77370	LZGW01000001.1||0_partial_1	lysogenic	medium quality draft
ADZY03000143.1||full	ADZY03000143.1||full	lytic	low quality draft
QGLI01000005.1||0_partial	QGLI01000005.1||0_partial	lytic	low quality draft
ADZY03000335.1||full	ADZY03000335.1||full	lytic	low quality draft
JFZX01000088.1||full	JFZX01000088.1||full	lytic	low quality draft
AP018526.1||0_partial_1 1-37549/90981	AP018526.1||0_partial_1	lytic	high quality draft
NAHB01000035.1||full	NAHB01000035.1||full	lysogenic	high quality draft
NAHN01000070.1||full_1 34794-71644/71644	NAHN01000070.1||full_1	lytic	medium quality draft
NAHS01000181.1||full	NAHS01000181.1||full	lysogenic	low quality draft
U00096.3||0_partial_1 15592-28973/69400	U00096.3||0_partial_1	lytic	medium quality draft
LZGU01000120.1||full_1 11628-45878/45878	LZGU01000120.1||full_1	lytic	high quality draft
CP020554.1||0_partial_1 1-33108/76808	CP020554.1||0_partial_1	lysogenic	low quality draft
QGLS01000008.1||full_1 142666-189211/189211	QGLS01000008.1||full_1	lytic	medium quality draft
LZHJ01000065.1||full	LZHJ01000065.1||full	lytic	low quality draft
NAHA01000048.1||full	NAHA01000048.1||full	lysogenic	low quality draft
NARU01000069.1||full_1 10558-14431/14431	NARU01000069.1||full_1	lytic	low quality draft
NAGX01000178.1||full	NAGX01000178.1||full	lytic	low quality draft
LZGN01000002.1||full	LZGN01000002.1||full	lytic	low quality draft
LZGX01000084.1||full_1 1-7077/9957	LZGX01000084.1||full_1	lytic	low quality draft
NASV01000031.1||full_1 18107-26606/26606	NASV01000031.1||full_1	lytic	low quality draft
LAWY01000075.1||full	LAWY01000075.1||full	lytic	low quality draft
NAHE01000089.1||full_1 1-15457/36548	NAHE01000089.1||full_1	lytic	low quality draft
QGLR01000009.1||0_partial_1 10790-39252/85866	QGLR01000009.1||0_partial_1	lysogenic	medium quality draft
LZHO01000054.1||full	LZHO01000054.1||full	lytic	medium quality draft
NART01000102.1||full	NART01000102.1||full	lytic	low quality draft
NAGY01000049.1||0_partial_1 1-11762/24640	NAGY01000049.1||0_partial_1	lytic	low quality draft
LZHG01000058.1||full_1 1-7513/9746	LZHG01000058.1||full_1	lytic	low quality draft
LZHC01000062.1||0_partial_1 6882-57405/126820	LZHC01000062.1||0_partial_1	lysogenic	high quality draft
MDVI01000031.1||0_partial_1 5469-28674/69116	MDVI01000031.1||0_partial_1	lytic	low quality draft
LZGW01000052.1||0_partial_1 12921-41668/73572	LZGW01000052.1||0_partial_1	lytic	high quality draft
JXCV01000008.1||0_partial_1 1-19873/30342	JXCV01000008.1||0_partial_1	lysogenic	medium quality draft
NASC01000090.1||full_1 1702-10724/10724	NASC01000090.1||full_1	lytic	low quality draft
LZHN01000030.1||full	LZHN01000030.1||full	lytic	low quality draft
WHNS01000009.1||full	WHNS01000009.1||full	lytic	low quality draft
U00096.3||4_partial_1 1-14873/23064	U00096.3||4_partial_1	lysogenic	medium quality draft
JAAEDX010000001.1||1_partial_1 1-38013/41385	JAAEDX010000001.1||1_partial_1	lytic	medium quality draft
WNIM01000003.1||full_1 1-6252/28291	WNIM01000003.1||full_1	lytic	low quality draft
NAHG01000068.1||full	NAHG01000068.1||full	lytic	low quality draft
NAHE01000106.1||full_1 44111-87049/87049	NAHE01000106.1||full_1	lysogenic	high quality draft
MEIT01000086.1||0_partial_1 1-14818/25649	MEIT01000086.1||0_partial_1	lysogenic	medium quality draft
NARR01000049.1||full	NARR01000049.1||full	lysogenic	low quality draft
NAHA01000067.1||full	NAHA01000067.1||full	lytic	low quality draft
CP019794.1||4_partial_1 1-21251/72280	CP019794.1||4_partial_1	lytic	low quality draft
MEIN01000013.1||full	MEIN01000013.1||full	lytic	low quality draft
JATM01000001.1||0_partial_1 18716-53515/58098	JATM01000001.1||0_partial_1	lytic	low quality draft
AZDD01000002.1||0_partial_1 6223-18999/27065	AZDD01000002.1||0_partial_1	lytic	low quality draft
LZGO01000072.1||0_partial_1 9761-21184/21184	LZGO01000072.1||0_partial_1	lytic	low quality draft
CP033087.1||1_partial_1 9672-40797/84746	CP033087.1||1_partial_1	lytic	low quality draft
ADZY03000328.1||full	ADZY03000328.1||full	lytic	low quality draft
CM004509.1||0_partial_1 11641-54477/99902	CM004509.1||0_partial_1	lysogenic	medium quality draft
QGLN01000004.1||0_partial_1 1-29091/53126	QGLN01000004.1||0_partial_1	lysogenic	medium quality draft
NARR01000013.1||full_1 1-46517/73890	NARR01000013.1||full_1	lytic	high quality draft
MDVJ01000029.1||0_partial_1 1-18205/45163	MDVJ01000029.1||0_partial_1	lytic	medium quality draft
NASA01000012.1||0_partial_1 1-12409/26233	NASA01000012.1||0_partial_1	lysogenic	low quality draft
LZGN01000022.1||full_1 53748-92087/195027	LZGN01000022.1||full_1	lysogenic	medium quality draft
NAHF01000097.1||full_1 1-15457/36548	NAHF01000097.1||full_1	lytic	low quality draft
CP014225.1||4_partial_1 1-14873/23064	CP014225.1||4_partial_1	lysogenic	medium quality draft
NARX01000029.1||full	NARX01000029.1||full	lytic	high quality draft
QGTI01000020.1||full_1 6391-29744/29744	QGTI01000020.1||full_1	lytic	high quality draft
MDVH01000038.1||full_1 1-15803/17813	MDVH01000038.1||full_1	lytic	low quality draft
AARF01000247.1||full	AARF01000247.1||full	lytic	low quality draft
CP054657.1||0_partial_1 1-38842/82339	CP054657.1||0_partial_1	lysogenic	high quality draft
LZHE01000063.1||full_fragment_2	LZHE01000063.1||full_fragment_2	lysogenic	medium quality draft
JFON01000002.1||0_partial_2 104118-142959/185105_fragment_1	JFON01000002.1||0_partial_2	lysogenic	medium quality draft
ADFW01000002.1||0_partial_1 5432-62494/62494_fragment_1	ADFW01000002.1||0_partial_1	lysogenic	high quality draft
ADFW01000002.1||0_partial_1 5432-62494/62494_fragment_2	ADFW01000002.1||0_partial_1	lysogenic	low quality draft
CP019717.1||0_partial_2 131747-249024/562029_fragment_1	CP019717.1||0_partial_2	lysogenic	high quality draft
CP019717.1||0_partial_2 131747-249024/562029_fragment_2	CP019717.1||0_partial_2	lysogenic	high quality draft
CP019655.1||0_partial_2 92082-194629/518260_fragment_1	CP019655.1||0_partial_2	lysogenic	high quality draft
CP019655.1||0_partial_2 92082-194629/518260_fragment_2	CP019655.1||0_partial_2	lysogenic	high quality draft
ADFW01000001.1||4_partial_1 7879-90252/90252_fragment_1	ADFW01000001.1||4_partial_1	lysogenic	high quality draft
ADFW01000001.1||4_partial_1 7879-90252/90252_fragment_2	ADFW01000001.1||4_partial_1	lysogenic	medium quality draft
CP019687.1||0_partial_1 1306-59908/145859_fragment_1	CP019687.1||0_partial_1	lysogenic	medium quality draft
LZHG01000033.1||full_2 91425-136247/159375_fragment_1	LZHG01000033.1||full_2	lysogenic	medium quality draft
ADFW01000001.1||0_partial_1 1-188984/322798_fragment_1	ADFW01000001.1||0_partial_1	lysogenic	high quality draft
ADFW01000001.1||0_partial_1 1-188984/322798_fragment_2	ADFW01000001.1||0_partial_1	lysogenic	medium quality draft
ADFW01000001.1||0_partial_1 1-188984/322798_fragment_3	ADFW01000001.1||0_partial_1	lysogenic	medium quality draft
CP030089.1||0_partial_1 11501-115391/205239_fragment_1	CP030089.1||0_partial_1	lysogenic	medium quality draft
CP030089.1||0_partial_1 11501-115391/205239_fragment_2	CP030089.1||0_partial_1	lysogenic	medium quality draft
VMHL01000001.1||0_partial_1 5986-125411/233547_fragment_1	VMHL01000001.1||0_partial_1	lysogenic	medium quality draft
VMHL01000001.1||0_partial_1 5986-125411/233547_fragment_2	VMHL01000001.1||0_partial_1	lysogenic	high quality draft
CP019651.1||2_partial_1 52556-103395/146275_fragment_1	CP019651.1||2_partial_1	lysogenic	high quality draft
AP012200.1||0_partial_1 8843-79652/156124_fragment_1	AP012200.1||0_partial_1	lysogenic	high quality draft
AP012200.1||0_partial_1 8843-79652/156124_fragment_2	AP012200.1||0_partial_1	lysogenic	low quality draft
JSBF01000005.1||0_partial_1 3040-76161/99359_fragment_1	JSBF01000005.1||0_partial_1	lysogenic	high quality draft
JSBF01000005.1||0_partial_1 3040-76161/99359_fragment_2	JSBF01000005.1||0_partial_1	lysogenic	low quality draft
CP020327.1||0_partial_1 4329-106057/385080_fragment_1	CP020327.1||0_partial_1	lysogenic	high quality draft
CP020327.1||0_partial_1 4329-106057/385080_fragment_2	CP020327.1||0_partial_1	lysogenic	high quality draft
CH981373.1||full_1 7277-72166/72166_fragment_1	CH981373.1||full_1	lysogenic	high quality draft
AP018524.1||0_partial_1 5874-77926/160063_fragment_1	AP018524.1||0_partial_1	lysogenic	high quality draft
AP018524.1||0_partial_1 5874-77926/160063_fragment_2	AP018524.1||0_partial_1	lysogenic	low quality draft
LAWY01000073.1||full_fragment_1	LAWY01000073.1||full_fragment_1	lysogenic	low quality draft
LZHF01000002.1||full	LZHF01000002.1||full	lytic	complete circular